REGION,FUEL,TIMESLICE,YEAR,VALUE
GLOBAL,ELCAUTXX02,S1D1,2015,0.13
GLOBAL,ELCAUTXX02,S1D1,2016,0.13
GLOBAL,ELCAUTXX02,S1D1,2017,0.13
GLOBAL,ELCAUTXX02,S1D1,2018,0.13
GLOBAL,ELCAUTXX02,S1D1,2019,0.13
GLOBAL,ELCAUTXX02,S1D1,2020,0.13
GLOBAL,ELCAUTXX02,S1D1,2021,0.13
GLOBAL,ELCAUTXX02,S1D1,2022,0.13
GLOBAL,ELCAUTXX02,S1D1,2023,0.13
GLOBAL,ELCAUTXX02,S1D1,2024,0.13
GLOBAL,ELCAUTXX02,S1D1,2025,0.13
GLOBAL,ELCAUTXX02,S1D1,2026,0.13
GLOBAL,ELCAUTXX02,S1D1,2027,0.13
GLOBAL,ELCAUTXX02,S1D1,2028,0.13
GLOBAL,ELCAUTXX02,S1D1,2029,0.13
GLOBAL,ELCAUTXX02,S1D1,2030,0.13
GLOBAL,ELCAUTXX02,S1D1,2031,0.13
GLOBAL,ELCAUTXX02,S1D1,2032,0.13
GLOBAL,ELCAUTXX02,S1D1,2033,0.13
GLOBAL,ELCAUTXX02,S1D1,2034,0.13
GLOBAL,ELCAUTXX02,S1D1,2035,0.13
GLOBAL,ELCAUTXX02,S1D1,2036,0.13
GLOBAL,ELCAUTXX02,S1D1,2037,0.13
GLOBAL,ELCAUTXX02,S1D1,2038,0.13
GLOBAL,ELCAUTXX02,S1D1,2039,0.13
GLOBAL,ELCAUTXX02,S1D1,2040,0.13
GLOBAL,ELCAUTXX02,S1D1,2041,0.13
GLOBAL,ELCAUTXX02,S1D1,2042,0.13
GLOBAL,ELCAUTXX02,S1D1,2043,0.13
GLOBAL,ELCAUTXX02,S1D1,2044,0.13
GLOBAL,ELCAUTXX02,S1D1,2045,0.13
GLOBAL,ELCAUTXX02,S1D1,2046,0.13
GLOBAL,ELCAUTXX02,S1D1,2047,0.13
GLOBAL,ELCAUTXX02,S1D1,2048,0.13
GLOBAL,ELCAUTXX02,S1D1,2049,0.13
GLOBAL,ELCAUTXX02,S1D1,2050,0.13
GLOBAL,ELCBELXX02,S1D1,2015,0.13
GLOBAL,ELCBELXX02,S1D1,2016,0.13
GLOBAL,ELCBELXX02,S1D1,2017,0.13
GLOBAL,ELCBELXX02,S1D1,2018,0.13
GLOBAL,ELCBELXX02,S1D1,2019,0.13
GLOBAL,ELCBELXX02,S1D1,2020,0.13
GLOBAL,ELCBELXX02,S1D1,2021,0.13
GLOBAL,ELCBELXX02,S1D1,2022,0.13
GLOBAL,ELCBELXX02,S1D1,2023,0.13
GLOBAL,ELCBELXX02,S1D1,2024,0.13
GLOBAL,ELCBELXX02,S1D1,2025,0.13
GLOBAL,ELCBELXX02,S1D1,2026,0.13
GLOBAL,ELCBELXX02,S1D1,2027,0.13
GLOBAL,ELCBELXX02,S1D1,2028,0.13
GLOBAL,ELCBELXX02,S1D1,2029,0.13
GLOBAL,ELCBELXX02,S1D1,2030,0.13
GLOBAL,ELCBELXX02,S1D1,2031,0.13
GLOBAL,ELCBELXX02,S1D1,2032,0.13
GLOBAL,ELCBELXX02,S1D1,2033,0.13
GLOBAL,ELCBELXX02,S1D1,2034,0.13
GLOBAL,ELCBELXX02,S1D1,2035,0.13
GLOBAL,ELCBELXX02,S1D1,2036,0.13
GLOBAL,ELCBELXX02,S1D1,2037,0.13
GLOBAL,ELCBELXX02,S1D1,2038,0.13
GLOBAL,ELCBELXX02,S1D1,2039,0.13
GLOBAL,ELCBELXX02,S1D1,2040,0.13
GLOBAL,ELCBELXX02,S1D1,2041,0.13
GLOBAL,ELCBELXX02,S1D1,2042,0.13
GLOBAL,ELCBELXX02,S1D1,2043,0.13
GLOBAL,ELCBELXX02,S1D1,2044,0.13
GLOBAL,ELCBELXX02,S1D1,2045,0.13
GLOBAL,ELCBELXX02,S1D1,2046,0.13
GLOBAL,ELCBELXX02,S1D1,2047,0.13
GLOBAL,ELCBELXX02,S1D1,2048,0.13
GLOBAL,ELCBELXX02,S1D1,2049,0.13
GLOBAL,ELCBELXX02,S1D1,2050,0.13
GLOBAL,ELCCHEXX02,S1D1,2015,0.13
GLOBAL,ELCCHEXX02,S1D1,2016,0.13
GLOBAL,ELCCHEXX02,S1D1,2017,0.13
GLOBAL,ELCCHEXX02,S1D1,2018,0.13
GLOBAL,ELCCHEXX02,S1D1,2019,0.13
GLOBAL,ELCCHEXX02,S1D1,2020,0.13
GLOBAL,ELCCHEXX02,S1D1,2021,0.13
GLOBAL,ELCCHEXX02,S1D1,2022,0.13
GLOBAL,ELCCHEXX02,S1D1,2023,0.13
GLOBAL,ELCCHEXX02,S1D1,2024,0.13
GLOBAL,ELCCHEXX02,S1D1,2025,0.13
GLOBAL,ELCCHEXX02,S1D1,2026,0.13
GLOBAL,ELCCHEXX02,S1D1,2027,0.13
GLOBAL,ELCCHEXX02,S1D1,2028,0.13
GLOBAL,ELCCHEXX02,S1D1,2029,0.13
GLOBAL,ELCCHEXX02,S1D1,2030,0.13
GLOBAL,ELCCHEXX02,S1D1,2031,0.13
GLOBAL,ELCCHEXX02,S1D1,2032,0.13
GLOBAL,ELCCHEXX02,S1D1,2033,0.13
GLOBAL,ELCCHEXX02,S1D1,2034,0.13
GLOBAL,ELCCHEXX02,S1D1,2035,0.13
GLOBAL,ELCCHEXX02,S1D1,2036,0.13
GLOBAL,ELCCHEXX02,S1D1,2037,0.13
GLOBAL,ELCCHEXX02,S1D1,2038,0.13
GLOBAL,ELCCHEXX02,S1D1,2039,0.13
GLOBAL,ELCCHEXX02,S1D1,2040,0.13
GLOBAL,ELCCHEXX02,S1D1,2041,0.13
GLOBAL,ELCCHEXX02,S1D1,2042,0.13
GLOBAL,ELCCHEXX02,S1D1,2043,0.13
GLOBAL,ELCCHEXX02,S1D1,2044,0.13
GLOBAL,ELCCHEXX02,S1D1,2045,0.13
GLOBAL,ELCCHEXX02,S1D1,2046,0.13
GLOBAL,ELCCHEXX02,S1D1,2047,0.13
GLOBAL,ELCCHEXX02,S1D1,2048,0.13
GLOBAL,ELCCHEXX02,S1D1,2049,0.13
GLOBAL,ELCCHEXX02,S1D1,2050,0.13
GLOBAL,ELCDEUXX02,S1D1,2015,0.12
GLOBAL,ELCDEUXX02,S1D1,2016,0.12
GLOBAL,ELCDEUXX02,S1D1,2017,0.12
GLOBAL,ELCDEUXX02,S1D1,2018,0.12
GLOBAL,ELCDEUXX02,S1D1,2019,0.12
GLOBAL,ELCDEUXX02,S1D1,2020,0.12
GLOBAL,ELCDEUXX02,S1D1,2021,0.12
GLOBAL,ELCDEUXX02,S1D1,2022,0.12
GLOBAL,ELCDEUXX02,S1D1,2023,0.12
GLOBAL,ELCDEUXX02,S1D1,2024,0.12
GLOBAL,ELCDEUXX02,S1D1,2025,0.12
GLOBAL,ELCDEUXX02,S1D1,2026,0.12
GLOBAL,ELCDEUXX02,S1D1,2027,0.12
GLOBAL,ELCDEUXX02,S1D1,2028,0.12
GLOBAL,ELCDEUXX02,S1D1,2029,0.12
GLOBAL,ELCDEUXX02,S1D1,2030,0.12
GLOBAL,ELCDEUXX02,S1D1,2031,0.12
GLOBAL,ELCDEUXX02,S1D1,2032,0.12
GLOBAL,ELCDEUXX02,S1D1,2033,0.12
GLOBAL,ELCDEUXX02,S1D1,2034,0.12
GLOBAL,ELCDEUXX02,S1D1,2035,0.12
GLOBAL,ELCDEUXX02,S1D1,2036,0.12
GLOBAL,ELCDEUXX02,S1D1,2037,0.12
GLOBAL,ELCDEUXX02,S1D1,2038,0.12
GLOBAL,ELCDEUXX02,S1D1,2039,0.12
GLOBAL,ELCDEUXX02,S1D1,2040,0.12
GLOBAL,ELCDEUXX02,S1D1,2041,0.12
GLOBAL,ELCDEUXX02,S1D1,2042,0.12
GLOBAL,ELCDEUXX02,S1D1,2043,0.12
GLOBAL,ELCDEUXX02,S1D1,2044,0.12
GLOBAL,ELCDEUXX02,S1D1,2045,0.12
GLOBAL,ELCDEUXX02,S1D1,2046,0.12
GLOBAL,ELCDEUXX02,S1D1,2047,0.12
GLOBAL,ELCDEUXX02,S1D1,2048,0.12
GLOBAL,ELCDEUXX02,S1D1,2049,0.12
GLOBAL,ELCDEUXX02,S1D1,2050,0.12
GLOBAL,ELCESPXX02,S1D1,2015,0.12
GLOBAL,ELCESPXX02,S1D1,2016,0.12
GLOBAL,ELCESPXX02,S1D1,2017,0.12
GLOBAL,ELCESPXX02,S1D1,2018,0.12
GLOBAL,ELCESPXX02,S1D1,2019,0.12
GLOBAL,ELCESPXX02,S1D1,2020,0.12
GLOBAL,ELCESPXX02,S1D1,2021,0.12
GLOBAL,ELCESPXX02,S1D1,2022,0.12
GLOBAL,ELCESPXX02,S1D1,2023,0.12
GLOBAL,ELCESPXX02,S1D1,2024,0.12
GLOBAL,ELCESPXX02,S1D1,2025,0.12
GLOBAL,ELCESPXX02,S1D1,2026,0.12
GLOBAL,ELCESPXX02,S1D1,2027,0.12
GLOBAL,ELCESPXX02,S1D1,2028,0.12
GLOBAL,ELCESPXX02,S1D1,2029,0.12
GLOBAL,ELCESPXX02,S1D1,2030,0.12
GLOBAL,ELCESPXX02,S1D1,2031,0.12
GLOBAL,ELCESPXX02,S1D1,2032,0.12
GLOBAL,ELCESPXX02,S1D1,2033,0.12
GLOBAL,ELCESPXX02,S1D1,2034,0.12
GLOBAL,ELCESPXX02,S1D1,2035,0.12
GLOBAL,ELCESPXX02,S1D1,2036,0.12
GLOBAL,ELCESPXX02,S1D1,2037,0.12
GLOBAL,ELCESPXX02,S1D1,2038,0.12
GLOBAL,ELCESPXX02,S1D1,2039,0.12
GLOBAL,ELCESPXX02,S1D1,2040,0.12
GLOBAL,ELCESPXX02,S1D1,2041,0.12
GLOBAL,ELCESPXX02,S1D1,2042,0.12
GLOBAL,ELCESPXX02,S1D1,2043,0.12
GLOBAL,ELCESPXX02,S1D1,2044,0.12
GLOBAL,ELCESPXX02,S1D1,2045,0.12
GLOBAL,ELCESPXX02,S1D1,2046,0.12
GLOBAL,ELCESPXX02,S1D1,2047,0.12
GLOBAL,ELCESPXX02,S1D1,2048,0.12
GLOBAL,ELCESPXX02,S1D1,2049,0.12
GLOBAL,ELCESPXX02,S1D1,2050,0.12
GLOBAL,ELCFRAXX02,S1D1,2015,0.15
GLOBAL,ELCFRAXX02,S1D1,2016,0.15
GLOBAL,ELCFRAXX02,S1D1,2017,0.15
GLOBAL,ELCFRAXX02,S1D1,2018,0.15
GLOBAL,ELCFRAXX02,S1D1,2019,0.15
GLOBAL,ELCFRAXX02,S1D1,2020,0.15
GLOBAL,ELCFRAXX02,S1D1,2021,0.15
GLOBAL,ELCFRAXX02,S1D1,2022,0.15
GLOBAL,ELCFRAXX02,S1D1,2023,0.15
GLOBAL,ELCFRAXX02,S1D1,2024,0.15
GLOBAL,ELCFRAXX02,S1D1,2025,0.15
GLOBAL,ELCFRAXX02,S1D1,2026,0.15
GLOBAL,ELCFRAXX02,S1D1,2027,0.15
GLOBAL,ELCFRAXX02,S1D1,2028,0.15
GLOBAL,ELCFRAXX02,S1D1,2029,0.15
GLOBAL,ELCFRAXX02,S1D1,2030,0.15
GLOBAL,ELCFRAXX02,S1D1,2031,0.15
GLOBAL,ELCFRAXX02,S1D1,2032,0.15
GLOBAL,ELCFRAXX02,S1D1,2033,0.15
GLOBAL,ELCFRAXX02,S1D1,2034,0.15
GLOBAL,ELCFRAXX02,S1D1,2035,0.15
GLOBAL,ELCFRAXX02,S1D1,2036,0.15
GLOBAL,ELCFRAXX02,S1D1,2037,0.15
GLOBAL,ELCFRAXX02,S1D1,2038,0.15
GLOBAL,ELCFRAXX02,S1D1,2039,0.15
GLOBAL,ELCFRAXX02,S1D1,2040,0.15
GLOBAL,ELCFRAXX02,S1D1,2041,0.15
GLOBAL,ELCFRAXX02,S1D1,2042,0.15
GLOBAL,ELCFRAXX02,S1D1,2043,0.15
GLOBAL,ELCFRAXX02,S1D1,2044,0.15
GLOBAL,ELCFRAXX02,S1D1,2045,0.15
GLOBAL,ELCFRAXX02,S1D1,2046,0.15
GLOBAL,ELCFRAXX02,S1D1,2047,0.15
GLOBAL,ELCFRAXX02,S1D1,2048,0.15
GLOBAL,ELCFRAXX02,S1D1,2049,0.15
GLOBAL,ELCFRAXX02,S1D1,2050,0.15
GLOBAL,ELCITAXX02,S1D1,2015,0.11
GLOBAL,ELCITAXX02,S1D1,2016,0.11
GLOBAL,ELCITAXX02,S1D1,2017,0.11
GLOBAL,ELCITAXX02,S1D1,2018,0.11
GLOBAL,ELCITAXX02,S1D1,2019,0.11
GLOBAL,ELCITAXX02,S1D1,2020,0.11
GLOBAL,ELCITAXX02,S1D1,2021,0.11
GLOBAL,ELCITAXX02,S1D1,2022,0.11
GLOBAL,ELCITAXX02,S1D1,2023,0.11
GLOBAL,ELCITAXX02,S1D1,2024,0.11
GLOBAL,ELCITAXX02,S1D1,2025,0.11
GLOBAL,ELCITAXX02,S1D1,2026,0.11
GLOBAL,ELCITAXX02,S1D1,2027,0.11
GLOBAL,ELCITAXX02,S1D1,2028,0.11
GLOBAL,ELCITAXX02,S1D1,2029,0.11
GLOBAL,ELCITAXX02,S1D1,2030,0.11
GLOBAL,ELCITAXX02,S1D1,2031,0.11
GLOBAL,ELCITAXX02,S1D1,2032,0.11
GLOBAL,ELCITAXX02,S1D1,2033,0.11
GLOBAL,ELCITAXX02,S1D1,2034,0.11
GLOBAL,ELCITAXX02,S1D1,2035,0.11
GLOBAL,ELCITAXX02,S1D1,2036,0.11
GLOBAL,ELCITAXX02,S1D1,2037,0.11
GLOBAL,ELCITAXX02,S1D1,2038,0.11
GLOBAL,ELCITAXX02,S1D1,2039,0.11
GLOBAL,ELCITAXX02,S1D1,2040,0.11
GLOBAL,ELCITAXX02,S1D1,2041,0.11
GLOBAL,ELCITAXX02,S1D1,2042,0.11
GLOBAL,ELCITAXX02,S1D1,2043,0.11
GLOBAL,ELCITAXX02,S1D1,2044,0.11
GLOBAL,ELCITAXX02,S1D1,2045,0.11
GLOBAL,ELCITAXX02,S1D1,2046,0.11
GLOBAL,ELCITAXX02,S1D1,2047,0.11
GLOBAL,ELCITAXX02,S1D1,2048,0.11
GLOBAL,ELCITAXX02,S1D1,2049,0.11
GLOBAL,ELCITAXX02,S1D1,2050,0.11
GLOBAL,ELCLUXXX02,S1D1,2015,0.12
GLOBAL,ELCLUXXX02,S1D1,2016,0.12
GLOBAL,ELCLUXXX02,S1D1,2017,0.12
GLOBAL,ELCLUXXX02,S1D1,2018,0.12
GLOBAL,ELCLUXXX02,S1D1,2019,0.12
GLOBAL,ELCLUXXX02,S1D1,2020,0.12
GLOBAL,ELCLUXXX02,S1D1,2021,0.12
GLOBAL,ELCLUXXX02,S1D1,2022,0.12
GLOBAL,ELCLUXXX02,S1D1,2023,0.12
GLOBAL,ELCLUXXX02,S1D1,2024,0.12
GLOBAL,ELCLUXXX02,S1D1,2025,0.12
GLOBAL,ELCLUXXX02,S1D1,2026,0.12
GLOBAL,ELCLUXXX02,S1D1,2027,0.12
GLOBAL,ELCLUXXX02,S1D1,2028,0.12
GLOBAL,ELCLUXXX02,S1D1,2029,0.12
GLOBAL,ELCLUXXX02,S1D1,2030,0.12
GLOBAL,ELCLUXXX02,S1D1,2031,0.12
GLOBAL,ELCLUXXX02,S1D1,2032,0.12
GLOBAL,ELCLUXXX02,S1D1,2033,0.12
GLOBAL,ELCLUXXX02,S1D1,2034,0.12
GLOBAL,ELCLUXXX02,S1D1,2035,0.12
GLOBAL,ELCLUXXX02,S1D1,2036,0.12
GLOBAL,ELCLUXXX02,S1D1,2037,0.12
GLOBAL,ELCLUXXX02,S1D1,2038,0.12
GLOBAL,ELCLUXXX02,S1D1,2039,0.12
GLOBAL,ELCLUXXX02,S1D1,2040,0.12
GLOBAL,ELCLUXXX02,S1D1,2041,0.12
GLOBAL,ELCLUXXX02,S1D1,2042,0.12
GLOBAL,ELCLUXXX02,S1D1,2043,0.12
GLOBAL,ELCLUXXX02,S1D1,2044,0.12
GLOBAL,ELCLUXXX02,S1D1,2045,0.12
GLOBAL,ELCLUXXX02,S1D1,2046,0.12
GLOBAL,ELCLUXXX02,S1D1,2047,0.12
GLOBAL,ELCLUXXX02,S1D1,2048,0.12
GLOBAL,ELCLUXXX02,S1D1,2049,0.12
GLOBAL,ELCLUXXX02,S1D1,2050,0.12
GLOBAL,ELCNLDXX02,S1D1,2015,0.12
GLOBAL,ELCNLDXX02,S1D1,2016,0.12
GLOBAL,ELCNLDXX02,S1D1,2017,0.12
GLOBAL,ELCNLDXX02,S1D1,2018,0.12
GLOBAL,ELCNLDXX02,S1D1,2019,0.12
GLOBAL,ELCNLDXX02,S1D1,2020,0.12
GLOBAL,ELCNLDXX02,S1D1,2021,0.12
GLOBAL,ELCNLDXX02,S1D1,2022,0.12
GLOBAL,ELCNLDXX02,S1D1,2023,0.12
GLOBAL,ELCNLDXX02,S1D1,2024,0.12
GLOBAL,ELCNLDXX02,S1D1,2025,0.12
GLOBAL,ELCNLDXX02,S1D1,2026,0.12
GLOBAL,ELCNLDXX02,S1D1,2027,0.12
GLOBAL,ELCNLDXX02,S1D1,2028,0.12
GLOBAL,ELCNLDXX02,S1D1,2029,0.12
GLOBAL,ELCNLDXX02,S1D1,2030,0.12
GLOBAL,ELCNLDXX02,S1D1,2031,0.12
GLOBAL,ELCNLDXX02,S1D1,2032,0.12
GLOBAL,ELCNLDXX02,S1D1,2033,0.12
GLOBAL,ELCNLDXX02,S1D1,2034,0.12
GLOBAL,ELCNLDXX02,S1D1,2035,0.12
GLOBAL,ELCNLDXX02,S1D1,2036,0.12
GLOBAL,ELCNLDXX02,S1D1,2037,0.12
GLOBAL,ELCNLDXX02,S1D1,2038,0.12
GLOBAL,ELCNLDXX02,S1D1,2039,0.12
GLOBAL,ELCNLDXX02,S1D1,2040,0.12
GLOBAL,ELCNLDXX02,S1D1,2041,0.12
GLOBAL,ELCNLDXX02,S1D1,2042,0.12
GLOBAL,ELCNLDXX02,S1D1,2043,0.12
GLOBAL,ELCNLDXX02,S1D1,2044,0.12
GLOBAL,ELCNLDXX02,S1D1,2045,0.12
GLOBAL,ELCNLDXX02,S1D1,2046,0.12
GLOBAL,ELCNLDXX02,S1D1,2047,0.12
GLOBAL,ELCNLDXX02,S1D1,2048,0.12
GLOBAL,ELCNLDXX02,S1D1,2049,0.12
GLOBAL,ELCNLDXX02,S1D1,2050,0.12
GLOBAL,ELCPRTXX02,S1D1,2015,0.12
GLOBAL,ELCPRTXX02,S1D1,2016,0.12
GLOBAL,ELCPRTXX02,S1D1,2017,0.12
GLOBAL,ELCPRTXX02,S1D1,2018,0.12
GLOBAL,ELCPRTXX02,S1D1,2019,0.12
GLOBAL,ELCPRTXX02,S1D1,2020,0.12
GLOBAL,ELCPRTXX02,S1D1,2021,0.12
GLOBAL,ELCPRTXX02,S1D1,2022,0.12
GLOBAL,ELCPRTXX02,S1D1,2023,0.12
GLOBAL,ELCPRTXX02,S1D1,2024,0.12
GLOBAL,ELCPRTXX02,S1D1,2025,0.12
GLOBAL,ELCPRTXX02,S1D1,2026,0.12
GLOBAL,ELCPRTXX02,S1D1,2027,0.12
GLOBAL,ELCPRTXX02,S1D1,2028,0.12
GLOBAL,ELCPRTXX02,S1D1,2029,0.12
GLOBAL,ELCPRTXX02,S1D1,2030,0.12
GLOBAL,ELCPRTXX02,S1D1,2031,0.12
GLOBAL,ELCPRTXX02,S1D1,2032,0.12
GLOBAL,ELCPRTXX02,S1D1,2033,0.12
GLOBAL,ELCPRTXX02,S1D1,2034,0.12
GLOBAL,ELCPRTXX02,S1D1,2035,0.12
GLOBAL,ELCPRTXX02,S1D1,2036,0.12
GLOBAL,ELCPRTXX02,S1D1,2037,0.12
GLOBAL,ELCPRTXX02,S1D1,2038,0.12
GLOBAL,ELCPRTXX02,S1D1,2039,0.12
GLOBAL,ELCPRTXX02,S1D1,2040,0.12
GLOBAL,ELCPRTXX02,S1D1,2041,0.12
GLOBAL,ELCPRTXX02,S1D1,2042,0.12
GLOBAL,ELCPRTXX02,S1D1,2043,0.12
GLOBAL,ELCPRTXX02,S1D1,2044,0.12
GLOBAL,ELCPRTXX02,S1D1,2045,0.12
GLOBAL,ELCPRTXX02,S1D1,2046,0.12
GLOBAL,ELCPRTXX02,S1D1,2047,0.12
GLOBAL,ELCPRTXX02,S1D1,2048,0.12
GLOBAL,ELCPRTXX02,S1D1,2049,0.12
GLOBAL,ELCPRTXX02,S1D1,2050,0.12
GLOBAL,ELCAUTXX02,S1D2,2015,0.14
GLOBAL,ELCAUTXX02,S1D2,2016,0.14
GLOBAL,ELCAUTXX02,S1D2,2017,0.14
GLOBAL,ELCAUTXX02,S1D2,2018,0.14
GLOBAL,ELCAUTXX02,S1D2,2019,0.14
GLOBAL,ELCAUTXX02,S1D2,2020,0.14
GLOBAL,ELCAUTXX02,S1D2,2021,0.14
GLOBAL,ELCAUTXX02,S1D2,2022,0.14
GLOBAL,ELCAUTXX02,S1D2,2023,0.14
GLOBAL,ELCAUTXX02,S1D2,2024,0.14
GLOBAL,ELCAUTXX02,S1D2,2025,0.14
GLOBAL,ELCAUTXX02,S1D2,2026,0.14
GLOBAL,ELCAUTXX02,S1D2,2027,0.14
GLOBAL,ELCAUTXX02,S1D2,2028,0.14
GLOBAL,ELCAUTXX02,S1D2,2029,0.14
GLOBAL,ELCAUTXX02,S1D2,2030,0.14
GLOBAL,ELCAUTXX02,S1D2,2031,0.14
GLOBAL,ELCAUTXX02,S1D2,2032,0.14
GLOBAL,ELCAUTXX02,S1D2,2033,0.14
GLOBAL,ELCAUTXX02,S1D2,2034,0.14
GLOBAL,ELCAUTXX02,S1D2,2035,0.14
GLOBAL,ELCAUTXX02,S1D2,2036,0.14
GLOBAL,ELCAUTXX02,S1D2,2037,0.14
GLOBAL,ELCAUTXX02,S1D2,2038,0.14
GLOBAL,ELCAUTXX02,S1D2,2039,0.14
GLOBAL,ELCAUTXX02,S1D2,2040,0.14
GLOBAL,ELCAUTXX02,S1D2,2041,0.14
GLOBAL,ELCAUTXX02,S1D2,2042,0.14
GLOBAL,ELCAUTXX02,S1D2,2043,0.14
GLOBAL,ELCAUTXX02,S1D2,2044,0.14
GLOBAL,ELCAUTXX02,S1D2,2045,0.14
GLOBAL,ELCAUTXX02,S1D2,2046,0.14
GLOBAL,ELCAUTXX02,S1D2,2047,0.14
GLOBAL,ELCAUTXX02,S1D2,2048,0.14
GLOBAL,ELCAUTXX02,S1D2,2049,0.14
GLOBAL,ELCAUTXX02,S1D2,2050,0.14
GLOBAL,ELCBELXX02,S1D2,2015,0.14
GLOBAL,ELCBELXX02,S1D2,2016,0.14
GLOBAL,ELCBELXX02,S1D2,2017,0.14
GLOBAL,ELCBELXX02,S1D2,2018,0.14
GLOBAL,ELCBELXX02,S1D2,2019,0.14
GLOBAL,ELCBELXX02,S1D2,2020,0.14
GLOBAL,ELCBELXX02,S1D2,2021,0.14
GLOBAL,ELCBELXX02,S1D2,2022,0.14
GLOBAL,ELCBELXX02,S1D2,2023,0.14
GLOBAL,ELCBELXX02,S1D2,2024,0.14
GLOBAL,ELCBELXX02,S1D2,2025,0.14
GLOBAL,ELCBELXX02,S1D2,2026,0.14
GLOBAL,ELCBELXX02,S1D2,2027,0.14
GLOBAL,ELCBELXX02,S1D2,2028,0.14
GLOBAL,ELCBELXX02,S1D2,2029,0.14
GLOBAL,ELCBELXX02,S1D2,2030,0.14
GLOBAL,ELCBELXX02,S1D2,2031,0.14
GLOBAL,ELCBELXX02,S1D2,2032,0.14
GLOBAL,ELCBELXX02,S1D2,2033,0.14
GLOBAL,ELCBELXX02,S1D2,2034,0.14
GLOBAL,ELCBELXX02,S1D2,2035,0.14
GLOBAL,ELCBELXX02,S1D2,2036,0.14
GLOBAL,ELCBELXX02,S1D2,2037,0.14
GLOBAL,ELCBELXX02,S1D2,2038,0.14
GLOBAL,ELCBELXX02,S1D2,2039,0.14
GLOBAL,ELCBELXX02,S1D2,2040,0.14
GLOBAL,ELCBELXX02,S1D2,2041,0.14
GLOBAL,ELCBELXX02,S1D2,2042,0.14
GLOBAL,ELCBELXX02,S1D2,2043,0.14
GLOBAL,ELCBELXX02,S1D2,2044,0.14
GLOBAL,ELCBELXX02,S1D2,2045,0.14
GLOBAL,ELCBELXX02,S1D2,2046,0.14
GLOBAL,ELCBELXX02,S1D2,2047,0.14
GLOBAL,ELCBELXX02,S1D2,2048,0.14
GLOBAL,ELCBELXX02,S1D2,2049,0.14
GLOBAL,ELCBELXX02,S1D2,2050,0.14
GLOBAL,ELCCHEXX02,S1D2,2015,0.14
GLOBAL,ELCCHEXX02,S1D2,2016,0.14
GLOBAL,ELCCHEXX02,S1D2,2017,0.14
GLOBAL,ELCCHEXX02,S1D2,2018,0.14
GLOBAL,ELCCHEXX02,S1D2,2019,0.14
GLOBAL,ELCCHEXX02,S1D2,2020,0.14
GLOBAL,ELCCHEXX02,S1D2,2021,0.14
GLOBAL,ELCCHEXX02,S1D2,2022,0.14
GLOBAL,ELCCHEXX02,S1D2,2023,0.14
GLOBAL,ELCCHEXX02,S1D2,2024,0.14
GLOBAL,ELCCHEXX02,S1D2,2025,0.14
GLOBAL,ELCCHEXX02,S1D2,2026,0.14
GLOBAL,ELCCHEXX02,S1D2,2027,0.14
GLOBAL,ELCCHEXX02,S1D2,2028,0.14
GLOBAL,ELCCHEXX02,S1D2,2029,0.14
GLOBAL,ELCCHEXX02,S1D2,2030,0.14
GLOBAL,ELCCHEXX02,S1D2,2031,0.14
GLOBAL,ELCCHEXX02,S1D2,2032,0.14
GLOBAL,ELCCHEXX02,S1D2,2033,0.14
GLOBAL,ELCCHEXX02,S1D2,2034,0.14
GLOBAL,ELCCHEXX02,S1D2,2035,0.14
GLOBAL,ELCCHEXX02,S1D2,2036,0.14
GLOBAL,ELCCHEXX02,S1D2,2037,0.14
GLOBAL,ELCCHEXX02,S1D2,2038,0.14
GLOBAL,ELCCHEXX02,S1D2,2039,0.14
GLOBAL,ELCCHEXX02,S1D2,2040,0.14
GLOBAL,ELCCHEXX02,S1D2,2041,0.14
GLOBAL,ELCCHEXX02,S1D2,2042,0.14
GLOBAL,ELCCHEXX02,S1D2,2043,0.14
GLOBAL,ELCCHEXX02,S1D2,2044,0.14
GLOBAL,ELCCHEXX02,S1D2,2045,0.14
GLOBAL,ELCCHEXX02,S1D2,2046,0.14
GLOBAL,ELCCHEXX02,S1D2,2047,0.14
GLOBAL,ELCCHEXX02,S1D2,2048,0.14
GLOBAL,ELCCHEXX02,S1D2,2049,0.14
GLOBAL,ELCCHEXX02,S1D2,2050,0.14
GLOBAL,ELCDEUXX02,S1D2,2015,0.14
GLOBAL,ELCDEUXX02,S1D2,2016,0.14
GLOBAL,ELCDEUXX02,S1D2,2017,0.14
GLOBAL,ELCDEUXX02,S1D2,2018,0.14
GLOBAL,ELCDEUXX02,S1D2,2019,0.14
GLOBAL,ELCDEUXX02,S1D2,2020,0.14
GLOBAL,ELCDEUXX02,S1D2,2021,0.14
GLOBAL,ELCDEUXX02,S1D2,2022,0.14
GLOBAL,ELCDEUXX02,S1D2,2023,0.14
GLOBAL,ELCDEUXX02,S1D2,2024,0.14
GLOBAL,ELCDEUXX02,S1D2,2025,0.14
GLOBAL,ELCDEUXX02,S1D2,2026,0.14
GLOBAL,ELCDEUXX02,S1D2,2027,0.14
GLOBAL,ELCDEUXX02,S1D2,2028,0.14
GLOBAL,ELCDEUXX02,S1D2,2029,0.14
GLOBAL,ELCDEUXX02,S1D2,2030,0.14
GLOBAL,ELCDEUXX02,S1D2,2031,0.14
GLOBAL,ELCDEUXX02,S1D2,2032,0.14
GLOBAL,ELCDEUXX02,S1D2,2033,0.14
GLOBAL,ELCDEUXX02,S1D2,2034,0.14
GLOBAL,ELCDEUXX02,S1D2,2035,0.14
GLOBAL,ELCDEUXX02,S1D2,2036,0.14
GLOBAL,ELCDEUXX02,S1D2,2037,0.14
GLOBAL,ELCDEUXX02,S1D2,2038,0.14
GLOBAL,ELCDEUXX02,S1D2,2039,0.14
GLOBAL,ELCDEUXX02,S1D2,2040,0.14
GLOBAL,ELCDEUXX02,S1D2,2041,0.14
GLOBAL,ELCDEUXX02,S1D2,2042,0.14
GLOBAL,ELCDEUXX02,S1D2,2043,0.14
GLOBAL,ELCDEUXX02,S1D2,2044,0.14
GLOBAL,ELCDEUXX02,S1D2,2045,0.14
GLOBAL,ELCDEUXX02,S1D2,2046,0.14
GLOBAL,ELCDEUXX02,S1D2,2047,0.14
GLOBAL,ELCDEUXX02,S1D2,2048,0.14
GLOBAL,ELCDEUXX02,S1D2,2049,0.14
GLOBAL,ELCDEUXX02,S1D2,2050,0.14
GLOBAL,ELCESPXX02,S1D2,2015,0.14
GLOBAL,ELCESPXX02,S1D2,2016,0.14
GLOBAL,ELCESPXX02,S1D2,2017,0.14
GLOBAL,ELCESPXX02,S1D2,2018,0.14
GLOBAL,ELCESPXX02,S1D2,2019,0.14
GLOBAL,ELCESPXX02,S1D2,2020,0.14
GLOBAL,ELCESPXX02,S1D2,2021,0.14
GLOBAL,ELCESPXX02,S1D2,2022,0.14
GLOBAL,ELCESPXX02,S1D2,2023,0.14
GLOBAL,ELCESPXX02,S1D2,2024,0.14
GLOBAL,ELCESPXX02,S1D2,2025,0.14
GLOBAL,ELCESPXX02,S1D2,2026,0.14
GLOBAL,ELCESPXX02,S1D2,2027,0.14
GLOBAL,ELCESPXX02,S1D2,2028,0.14
GLOBAL,ELCESPXX02,S1D2,2029,0.14
GLOBAL,ELCESPXX02,S1D2,2030,0.14
GLOBAL,ELCESPXX02,S1D2,2031,0.14
GLOBAL,ELCESPXX02,S1D2,2032,0.14
GLOBAL,ELCESPXX02,S1D2,2033,0.14
GLOBAL,ELCESPXX02,S1D2,2034,0.14
GLOBAL,ELCESPXX02,S1D2,2035,0.14
GLOBAL,ELCESPXX02,S1D2,2036,0.14
GLOBAL,ELCESPXX02,S1D2,2037,0.14
GLOBAL,ELCESPXX02,S1D2,2038,0.14
GLOBAL,ELCESPXX02,S1D2,2039,0.14
GLOBAL,ELCESPXX02,S1D2,2040,0.14
GLOBAL,ELCESPXX02,S1D2,2041,0.14
GLOBAL,ELCESPXX02,S1D2,2042,0.14
GLOBAL,ELCESPXX02,S1D2,2043,0.14
GLOBAL,ELCESPXX02,S1D2,2044,0.14
GLOBAL,ELCESPXX02,S1D2,2045,0.14
GLOBAL,ELCESPXX02,S1D2,2046,0.14
GLOBAL,ELCESPXX02,S1D2,2047,0.14
GLOBAL,ELCESPXX02,S1D2,2048,0.14
GLOBAL,ELCESPXX02,S1D2,2049,0.14
GLOBAL,ELCESPXX02,S1D2,2050,0.14
GLOBAL,ELCFRAXX02,S1D2,2015,0.16
GLOBAL,ELCFRAXX02,S1D2,2016,0.16
GLOBAL,ELCFRAXX02,S1D2,2017,0.16
GLOBAL,ELCFRAXX02,S1D2,2018,0.16
GLOBAL,ELCFRAXX02,S1D2,2019,0.16
GLOBAL,ELCFRAXX02,S1D2,2020,0.16
GLOBAL,ELCFRAXX02,S1D2,2021,0.16
GLOBAL,ELCFRAXX02,S1D2,2022,0.16
GLOBAL,ELCFRAXX02,S1D2,2023,0.16
GLOBAL,ELCFRAXX02,S1D2,2024,0.16
GLOBAL,ELCFRAXX02,S1D2,2025,0.16
GLOBAL,ELCFRAXX02,S1D2,2026,0.16
GLOBAL,ELCFRAXX02,S1D2,2027,0.16
GLOBAL,ELCFRAXX02,S1D2,2028,0.16
GLOBAL,ELCFRAXX02,S1D2,2029,0.16
GLOBAL,ELCFRAXX02,S1D2,2030,0.16
GLOBAL,ELCFRAXX02,S1D2,2031,0.16
GLOBAL,ELCFRAXX02,S1D2,2032,0.16
GLOBAL,ELCFRAXX02,S1D2,2033,0.16
GLOBAL,ELCFRAXX02,S1D2,2034,0.16
GLOBAL,ELCFRAXX02,S1D2,2035,0.16
GLOBAL,ELCFRAXX02,S1D2,2036,0.16
GLOBAL,ELCFRAXX02,S1D2,2037,0.16
GLOBAL,ELCFRAXX02,S1D2,2038,0.16
GLOBAL,ELCFRAXX02,S1D2,2039,0.16
GLOBAL,ELCFRAXX02,S1D2,2040,0.16
GLOBAL,ELCFRAXX02,S1D2,2041,0.16
GLOBAL,ELCFRAXX02,S1D2,2042,0.16
GLOBAL,ELCFRAXX02,S1D2,2043,0.16
GLOBAL,ELCFRAXX02,S1D2,2044,0.16
GLOBAL,ELCFRAXX02,S1D2,2045,0.16
GLOBAL,ELCFRAXX02,S1D2,2046,0.16
GLOBAL,ELCFRAXX02,S1D2,2047,0.16
GLOBAL,ELCFRAXX02,S1D2,2048,0.16
GLOBAL,ELCFRAXX02,S1D2,2049,0.16
GLOBAL,ELCFRAXX02,S1D2,2050,0.16
GLOBAL,ELCITAXX02,S1D2,2015,0.14
GLOBAL,ELCITAXX02,S1D2,2016,0.14
GLOBAL,ELCITAXX02,S1D2,2017,0.14
GLOBAL,ELCITAXX02,S1D2,2018,0.14
GLOBAL,ELCITAXX02,S1D2,2019,0.14
GLOBAL,ELCITAXX02,S1D2,2020,0.14
GLOBAL,ELCITAXX02,S1D2,2021,0.14
GLOBAL,ELCITAXX02,S1D2,2022,0.14
GLOBAL,ELCITAXX02,S1D2,2023,0.14
GLOBAL,ELCITAXX02,S1D2,2024,0.14
GLOBAL,ELCITAXX02,S1D2,2025,0.14
GLOBAL,ELCITAXX02,S1D2,2026,0.14
GLOBAL,ELCITAXX02,S1D2,2027,0.14
GLOBAL,ELCITAXX02,S1D2,2028,0.14
GLOBAL,ELCITAXX02,S1D2,2029,0.14
GLOBAL,ELCITAXX02,S1D2,2030,0.14
GLOBAL,ELCITAXX02,S1D2,2031,0.14
GLOBAL,ELCITAXX02,S1D2,2032,0.14
GLOBAL,ELCITAXX02,S1D2,2033,0.14
GLOBAL,ELCITAXX02,S1D2,2034,0.14
GLOBAL,ELCITAXX02,S1D2,2035,0.14
GLOBAL,ELCITAXX02,S1D2,2036,0.14
GLOBAL,ELCITAXX02,S1D2,2037,0.14
GLOBAL,ELCITAXX02,S1D2,2038,0.14
GLOBAL,ELCITAXX02,S1D2,2039,0.14
GLOBAL,ELCITAXX02,S1D2,2040,0.14
GLOBAL,ELCITAXX02,S1D2,2041,0.14
GLOBAL,ELCITAXX02,S1D2,2042,0.14
GLOBAL,ELCITAXX02,S1D2,2043,0.14
GLOBAL,ELCITAXX02,S1D2,2044,0.14
GLOBAL,ELCITAXX02,S1D2,2045,0.14
GLOBAL,ELCITAXX02,S1D2,2046,0.14
GLOBAL,ELCITAXX02,S1D2,2047,0.14
GLOBAL,ELCITAXX02,S1D2,2048,0.14
GLOBAL,ELCITAXX02,S1D2,2049,0.14
GLOBAL,ELCITAXX02,S1D2,2050,0.14
GLOBAL,ELCLUXXX02,S1D2,2015,0.13
GLOBAL,ELCLUXXX02,S1D2,2016,0.13
GLOBAL,ELCLUXXX02,S1D2,2017,0.13
GLOBAL,ELCLUXXX02,S1D2,2018,0.13
GLOBAL,ELCLUXXX02,S1D2,2019,0.13
GLOBAL,ELCLUXXX02,S1D2,2020,0.13
GLOBAL,ELCLUXXX02,S1D2,2021,0.13
GLOBAL,ELCLUXXX02,S1D2,2022,0.13
GLOBAL,ELCLUXXX02,S1D2,2023,0.13
GLOBAL,ELCLUXXX02,S1D2,2024,0.13
GLOBAL,ELCLUXXX02,S1D2,2025,0.13
GLOBAL,ELCLUXXX02,S1D2,2026,0.13
GLOBAL,ELCLUXXX02,S1D2,2027,0.13
GLOBAL,ELCLUXXX02,S1D2,2028,0.13
GLOBAL,ELCLUXXX02,S1D2,2029,0.13
GLOBAL,ELCLUXXX02,S1D2,2030,0.13
GLOBAL,ELCLUXXX02,S1D2,2031,0.13
GLOBAL,ELCLUXXX02,S1D2,2032,0.13
GLOBAL,ELCLUXXX02,S1D2,2033,0.13
GLOBAL,ELCLUXXX02,S1D2,2034,0.13
GLOBAL,ELCLUXXX02,S1D2,2035,0.13
GLOBAL,ELCLUXXX02,S1D2,2036,0.13
GLOBAL,ELCLUXXX02,S1D2,2037,0.13
GLOBAL,ELCLUXXX02,S1D2,2038,0.13
GLOBAL,ELCLUXXX02,S1D2,2039,0.13
GLOBAL,ELCLUXXX02,S1D2,2040,0.13
GLOBAL,ELCLUXXX02,S1D2,2041,0.13
GLOBAL,ELCLUXXX02,S1D2,2042,0.13
GLOBAL,ELCLUXXX02,S1D2,2043,0.13
GLOBAL,ELCLUXXX02,S1D2,2044,0.13
GLOBAL,ELCLUXXX02,S1D2,2045,0.13
GLOBAL,ELCLUXXX02,S1D2,2046,0.13
GLOBAL,ELCLUXXX02,S1D2,2047,0.13
GLOBAL,ELCLUXXX02,S1D2,2048,0.13
GLOBAL,ELCLUXXX02,S1D2,2049,0.13
GLOBAL,ELCLUXXX02,S1D2,2050,0.13
GLOBAL,ELCNLDXX02,S1D2,2015,0.14
GLOBAL,ELCNLDXX02,S1D2,2016,0.14
GLOBAL,ELCNLDXX02,S1D2,2017,0.14
GLOBAL,ELCNLDXX02,S1D2,2018,0.14
GLOBAL,ELCNLDXX02,S1D2,2019,0.14
GLOBAL,ELCNLDXX02,S1D2,2020,0.14
GLOBAL,ELCNLDXX02,S1D2,2021,0.14
GLOBAL,ELCNLDXX02,S1D2,2022,0.14
GLOBAL,ELCNLDXX02,S1D2,2023,0.14
GLOBAL,ELCNLDXX02,S1D2,2024,0.14
GLOBAL,ELCNLDXX02,S1D2,2025,0.14
GLOBAL,ELCNLDXX02,S1D2,2026,0.14
GLOBAL,ELCNLDXX02,S1D2,2027,0.14
GLOBAL,ELCNLDXX02,S1D2,2028,0.14
GLOBAL,ELCNLDXX02,S1D2,2029,0.14
GLOBAL,ELCNLDXX02,S1D2,2030,0.14
GLOBAL,ELCNLDXX02,S1D2,2031,0.14
GLOBAL,ELCNLDXX02,S1D2,2032,0.14
GLOBAL,ELCNLDXX02,S1D2,2033,0.14
GLOBAL,ELCNLDXX02,S1D2,2034,0.14
GLOBAL,ELCNLDXX02,S1D2,2035,0.14
GLOBAL,ELCNLDXX02,S1D2,2036,0.14
GLOBAL,ELCNLDXX02,S1D2,2037,0.14
GLOBAL,ELCNLDXX02,S1D2,2038,0.14
GLOBAL,ELCNLDXX02,S1D2,2039,0.14
GLOBAL,ELCNLDXX02,S1D2,2040,0.14
GLOBAL,ELCNLDXX02,S1D2,2041,0.14
GLOBAL,ELCNLDXX02,S1D2,2042,0.14
GLOBAL,ELCNLDXX02,S1D2,2043,0.14
GLOBAL,ELCNLDXX02,S1D2,2044,0.14
GLOBAL,ELCNLDXX02,S1D2,2045,0.14
GLOBAL,ELCNLDXX02,S1D2,2046,0.14
GLOBAL,ELCNLDXX02,S1D2,2047,0.14
GLOBAL,ELCNLDXX02,S1D2,2048,0.14
GLOBAL,ELCNLDXX02,S1D2,2049,0.14
GLOBAL,ELCNLDXX02,S1D2,2050,0.14
GLOBAL,ELCPRTXX02,S1D2,2015,0.15
GLOBAL,ELCPRTXX02,S1D2,2016,0.15
GLOBAL,ELCPRTXX02,S1D2,2017,0.15
GLOBAL,ELCPRTXX02,S1D2,2018,0.15
GLOBAL,ELCPRTXX02,S1D2,2019,0.15
GLOBAL,ELCPRTXX02,S1D2,2020,0.15
GLOBAL,ELCPRTXX02,S1D2,2021,0.15
GLOBAL,ELCPRTXX02,S1D2,2022,0.15
GLOBAL,ELCPRTXX02,S1D2,2023,0.15
GLOBAL,ELCPRTXX02,S1D2,2024,0.15
GLOBAL,ELCPRTXX02,S1D2,2025,0.15
GLOBAL,ELCPRTXX02,S1D2,2026,0.15
GLOBAL,ELCPRTXX02,S1D2,2027,0.15
GLOBAL,ELCPRTXX02,S1D2,2028,0.15
GLOBAL,ELCPRTXX02,S1D2,2029,0.15
GLOBAL,ELCPRTXX02,S1D2,2030,0.15
GLOBAL,ELCPRTXX02,S1D2,2031,0.15
GLOBAL,ELCPRTXX02,S1D2,2032,0.15
GLOBAL,ELCPRTXX02,S1D2,2033,0.15
GLOBAL,ELCPRTXX02,S1D2,2034,0.15
GLOBAL,ELCPRTXX02,S1D2,2035,0.15
GLOBAL,ELCPRTXX02,S1D2,2036,0.15
GLOBAL,ELCPRTXX02,S1D2,2037,0.15
GLOBAL,ELCPRTXX02,S1D2,2038,0.15
GLOBAL,ELCPRTXX02,S1D2,2039,0.15
GLOBAL,ELCPRTXX02,S1D2,2040,0.15
GLOBAL,ELCPRTXX02,S1D2,2041,0.15
GLOBAL,ELCPRTXX02,S1D2,2042,0.15
GLOBAL,ELCPRTXX02,S1D2,2043,0.15
GLOBAL,ELCPRTXX02,S1D2,2044,0.15
GLOBAL,ELCPRTXX02,S1D2,2045,0.15
GLOBAL,ELCPRTXX02,S1D2,2046,0.15
GLOBAL,ELCPRTXX02,S1D2,2047,0.15
GLOBAL,ELCPRTXX02,S1D2,2048,0.15
GLOBAL,ELCPRTXX02,S1D2,2049,0.15
GLOBAL,ELCPRTXX02,S1D2,2050,0.15
GLOBAL,ELCAUTXX02,S2D1,2015,0.12
GLOBAL,ELCAUTXX02,S2D1,2016,0.12
GLOBAL,ELCAUTXX02,S2D1,2017,0.12
GLOBAL,ELCAUTXX02,S2D1,2018,0.12
GLOBAL,ELCAUTXX02,S2D1,2019,0.12
GLOBAL,ELCAUTXX02,S2D1,2020,0.12
GLOBAL,ELCAUTXX02,S2D1,2021,0.12
GLOBAL,ELCAUTXX02,S2D1,2022,0.12
GLOBAL,ELCAUTXX02,S2D1,2023,0.12
GLOBAL,ELCAUTXX02,S2D1,2024,0.12
GLOBAL,ELCAUTXX02,S2D1,2025,0.12
GLOBAL,ELCAUTXX02,S2D1,2026,0.12
GLOBAL,ELCAUTXX02,S2D1,2027,0.12
GLOBAL,ELCAUTXX02,S2D1,2028,0.12
GLOBAL,ELCAUTXX02,S2D1,2029,0.12
GLOBAL,ELCAUTXX02,S2D1,2030,0.12
GLOBAL,ELCAUTXX02,S2D1,2031,0.12
GLOBAL,ELCAUTXX02,S2D1,2032,0.12
GLOBAL,ELCAUTXX02,S2D1,2033,0.12
GLOBAL,ELCAUTXX02,S2D1,2034,0.12
GLOBAL,ELCAUTXX02,S2D1,2035,0.12
GLOBAL,ELCAUTXX02,S2D1,2036,0.12
GLOBAL,ELCAUTXX02,S2D1,2037,0.12
GLOBAL,ELCAUTXX02,S2D1,2038,0.12
GLOBAL,ELCAUTXX02,S2D1,2039,0.12
GLOBAL,ELCAUTXX02,S2D1,2040,0.12
GLOBAL,ELCAUTXX02,S2D1,2041,0.12
GLOBAL,ELCAUTXX02,S2D1,2042,0.12
GLOBAL,ELCAUTXX02,S2D1,2043,0.12
GLOBAL,ELCAUTXX02,S2D1,2044,0.12
GLOBAL,ELCAUTXX02,S2D1,2045,0.12
GLOBAL,ELCAUTXX02,S2D1,2046,0.12
GLOBAL,ELCAUTXX02,S2D1,2047,0.12
GLOBAL,ELCAUTXX02,S2D1,2048,0.12
GLOBAL,ELCAUTXX02,S2D1,2049,0.12
GLOBAL,ELCAUTXX02,S2D1,2050,0.12
GLOBAL,ELCBELXX02,S2D1,2015,0.12
GLOBAL,ELCBELXX02,S2D1,2016,0.12
GLOBAL,ELCBELXX02,S2D1,2017,0.12
GLOBAL,ELCBELXX02,S2D1,2018,0.12
GLOBAL,ELCBELXX02,S2D1,2019,0.12
GLOBAL,ELCBELXX02,S2D1,2020,0.12
GLOBAL,ELCBELXX02,S2D1,2021,0.12
GLOBAL,ELCBELXX02,S2D1,2022,0.12
GLOBAL,ELCBELXX02,S2D1,2023,0.12
GLOBAL,ELCBELXX02,S2D1,2024,0.12
GLOBAL,ELCBELXX02,S2D1,2025,0.12
GLOBAL,ELCBELXX02,S2D1,2026,0.12
GLOBAL,ELCBELXX02,S2D1,2027,0.12
GLOBAL,ELCBELXX02,S2D1,2028,0.12
GLOBAL,ELCBELXX02,S2D1,2029,0.12
GLOBAL,ELCBELXX02,S2D1,2030,0.12
GLOBAL,ELCBELXX02,S2D1,2031,0.12
GLOBAL,ELCBELXX02,S2D1,2032,0.12
GLOBAL,ELCBELXX02,S2D1,2033,0.12
GLOBAL,ELCBELXX02,S2D1,2034,0.12
GLOBAL,ELCBELXX02,S2D1,2035,0.12
GLOBAL,ELCBELXX02,S2D1,2036,0.12
GLOBAL,ELCBELXX02,S2D1,2037,0.12
GLOBAL,ELCBELXX02,S2D1,2038,0.12
GLOBAL,ELCBELXX02,S2D1,2039,0.12
GLOBAL,ELCBELXX02,S2D1,2040,0.12
GLOBAL,ELCBELXX02,S2D1,2041,0.12
GLOBAL,ELCBELXX02,S2D1,2042,0.12
GLOBAL,ELCBELXX02,S2D1,2043,0.12
GLOBAL,ELCBELXX02,S2D1,2044,0.12
GLOBAL,ELCBELXX02,S2D1,2045,0.12
GLOBAL,ELCBELXX02,S2D1,2046,0.12
GLOBAL,ELCBELXX02,S2D1,2047,0.12
GLOBAL,ELCBELXX02,S2D1,2048,0.12
GLOBAL,ELCBELXX02,S2D1,2049,0.12
GLOBAL,ELCBELXX02,S2D1,2050,0.12
GLOBAL,ELCCHEXX02,S2D1,2015,0.12
GLOBAL,ELCCHEXX02,S2D1,2016,0.12
GLOBAL,ELCCHEXX02,S2D1,2017,0.12
GLOBAL,ELCCHEXX02,S2D1,2018,0.12
GLOBAL,ELCCHEXX02,S2D1,2019,0.12
GLOBAL,ELCCHEXX02,S2D1,2020,0.12
GLOBAL,ELCCHEXX02,S2D1,2021,0.12
GLOBAL,ELCCHEXX02,S2D1,2022,0.12
GLOBAL,ELCCHEXX02,S2D1,2023,0.12
GLOBAL,ELCCHEXX02,S2D1,2024,0.12
GLOBAL,ELCCHEXX02,S2D1,2025,0.12
GLOBAL,ELCCHEXX02,S2D1,2026,0.12
GLOBAL,ELCCHEXX02,S2D1,2027,0.12
GLOBAL,ELCCHEXX02,S2D1,2028,0.12
GLOBAL,ELCCHEXX02,S2D1,2029,0.12
GLOBAL,ELCCHEXX02,S2D1,2030,0.12
GLOBAL,ELCCHEXX02,S2D1,2031,0.12
GLOBAL,ELCCHEXX02,S2D1,2032,0.12
GLOBAL,ELCCHEXX02,S2D1,2033,0.12
GLOBAL,ELCCHEXX02,S2D1,2034,0.12
GLOBAL,ELCCHEXX02,S2D1,2035,0.12
GLOBAL,ELCCHEXX02,S2D1,2036,0.12
GLOBAL,ELCCHEXX02,S2D1,2037,0.12
GLOBAL,ELCCHEXX02,S2D1,2038,0.12
GLOBAL,ELCCHEXX02,S2D1,2039,0.12
GLOBAL,ELCCHEXX02,S2D1,2040,0.12
GLOBAL,ELCCHEXX02,S2D1,2041,0.12
GLOBAL,ELCCHEXX02,S2D1,2042,0.12
GLOBAL,ELCCHEXX02,S2D1,2043,0.12
GLOBAL,ELCCHEXX02,S2D1,2044,0.12
GLOBAL,ELCCHEXX02,S2D1,2045,0.12
GLOBAL,ELCCHEXX02,S2D1,2046,0.12
GLOBAL,ELCCHEXX02,S2D1,2047,0.12
GLOBAL,ELCCHEXX02,S2D1,2048,0.12
GLOBAL,ELCCHEXX02,S2D1,2049,0.12
GLOBAL,ELCCHEXX02,S2D1,2050,0.12
GLOBAL,ELCDEUXX02,S2D1,2015,0.12
GLOBAL,ELCDEUXX02,S2D1,2016,0.12
GLOBAL,ELCDEUXX02,S2D1,2017,0.12
GLOBAL,ELCDEUXX02,S2D1,2018,0.12
GLOBAL,ELCDEUXX02,S2D1,2019,0.12
GLOBAL,ELCDEUXX02,S2D1,2020,0.12
GLOBAL,ELCDEUXX02,S2D1,2021,0.12
GLOBAL,ELCDEUXX02,S2D1,2022,0.12
GLOBAL,ELCDEUXX02,S2D1,2023,0.12
GLOBAL,ELCDEUXX02,S2D1,2024,0.12
GLOBAL,ELCDEUXX02,S2D1,2025,0.12
GLOBAL,ELCDEUXX02,S2D1,2026,0.12
GLOBAL,ELCDEUXX02,S2D1,2027,0.12
GLOBAL,ELCDEUXX02,S2D1,2028,0.12
GLOBAL,ELCDEUXX02,S2D1,2029,0.12
GLOBAL,ELCDEUXX02,S2D1,2030,0.12
GLOBAL,ELCDEUXX02,S2D1,2031,0.12
GLOBAL,ELCDEUXX02,S2D1,2032,0.12
GLOBAL,ELCDEUXX02,S2D1,2033,0.12
GLOBAL,ELCDEUXX02,S2D1,2034,0.12
GLOBAL,ELCDEUXX02,S2D1,2035,0.12
GLOBAL,ELCDEUXX02,S2D1,2036,0.12
GLOBAL,ELCDEUXX02,S2D1,2037,0.12
GLOBAL,ELCDEUXX02,S2D1,2038,0.12
GLOBAL,ELCDEUXX02,S2D1,2039,0.12
GLOBAL,ELCDEUXX02,S2D1,2040,0.12
GLOBAL,ELCDEUXX02,S2D1,2041,0.12
GLOBAL,ELCDEUXX02,S2D1,2042,0.12
GLOBAL,ELCDEUXX02,S2D1,2043,0.12
GLOBAL,ELCDEUXX02,S2D1,2044,0.12
GLOBAL,ELCDEUXX02,S2D1,2045,0.12
GLOBAL,ELCDEUXX02,S2D1,2046,0.12
GLOBAL,ELCDEUXX02,S2D1,2047,0.12
GLOBAL,ELCDEUXX02,S2D1,2048,0.12
GLOBAL,ELCDEUXX02,S2D1,2049,0.12
GLOBAL,ELCDEUXX02,S2D1,2050,0.12
GLOBAL,ELCESPXX02,S2D1,2015,0.11
GLOBAL,ELCESPXX02,S2D1,2016,0.11
GLOBAL,ELCESPXX02,S2D1,2017,0.11
GLOBAL,ELCESPXX02,S2D1,2018,0.11
GLOBAL,ELCESPXX02,S2D1,2019,0.11
GLOBAL,ELCESPXX02,S2D1,2020,0.11
GLOBAL,ELCESPXX02,S2D1,2021,0.11
GLOBAL,ELCESPXX02,S2D1,2022,0.11
GLOBAL,ELCESPXX02,S2D1,2023,0.11
GLOBAL,ELCESPXX02,S2D1,2024,0.11
GLOBAL,ELCESPXX02,S2D1,2025,0.11
GLOBAL,ELCESPXX02,S2D1,2026,0.11
GLOBAL,ELCESPXX02,S2D1,2027,0.11
GLOBAL,ELCESPXX02,S2D1,2028,0.11
GLOBAL,ELCESPXX02,S2D1,2029,0.11
GLOBAL,ELCESPXX02,S2D1,2030,0.11
GLOBAL,ELCESPXX02,S2D1,2031,0.11
GLOBAL,ELCESPXX02,S2D1,2032,0.11
GLOBAL,ELCESPXX02,S2D1,2033,0.11
GLOBAL,ELCESPXX02,S2D1,2034,0.11
GLOBAL,ELCESPXX02,S2D1,2035,0.11
GLOBAL,ELCESPXX02,S2D1,2036,0.11
GLOBAL,ELCESPXX02,S2D1,2037,0.11
GLOBAL,ELCESPXX02,S2D1,2038,0.11
GLOBAL,ELCESPXX02,S2D1,2039,0.11
GLOBAL,ELCESPXX02,S2D1,2040,0.11
GLOBAL,ELCESPXX02,S2D1,2041,0.11
GLOBAL,ELCESPXX02,S2D1,2042,0.11
GLOBAL,ELCESPXX02,S2D1,2043,0.11
GLOBAL,ELCESPXX02,S2D1,2044,0.11
GLOBAL,ELCESPXX02,S2D1,2045,0.11
GLOBAL,ELCESPXX02,S2D1,2046,0.11
GLOBAL,ELCESPXX02,S2D1,2047,0.11
GLOBAL,ELCESPXX02,S2D1,2048,0.11
GLOBAL,ELCESPXX02,S2D1,2049,0.11
GLOBAL,ELCESPXX02,S2D1,2050,0.11
GLOBAL,ELCFRAXX02,S2D1,2015,0.12
GLOBAL,ELCFRAXX02,S2D1,2016,0.12
GLOBAL,ELCFRAXX02,S2D1,2017,0.12
GLOBAL,ELCFRAXX02,S2D1,2018,0.12
GLOBAL,ELCFRAXX02,S2D1,2019,0.12
GLOBAL,ELCFRAXX02,S2D1,2020,0.12
GLOBAL,ELCFRAXX02,S2D1,2021,0.12
GLOBAL,ELCFRAXX02,S2D1,2022,0.12
GLOBAL,ELCFRAXX02,S2D1,2023,0.12
GLOBAL,ELCFRAXX02,S2D1,2024,0.12
GLOBAL,ELCFRAXX02,S2D1,2025,0.12
GLOBAL,ELCFRAXX02,S2D1,2026,0.12
GLOBAL,ELCFRAXX02,S2D1,2027,0.12
GLOBAL,ELCFRAXX02,S2D1,2028,0.12
GLOBAL,ELCFRAXX02,S2D1,2029,0.12
GLOBAL,ELCFRAXX02,S2D1,2030,0.12
GLOBAL,ELCFRAXX02,S2D1,2031,0.12
GLOBAL,ELCFRAXX02,S2D1,2032,0.12
GLOBAL,ELCFRAXX02,S2D1,2033,0.12
GLOBAL,ELCFRAXX02,S2D1,2034,0.12
GLOBAL,ELCFRAXX02,S2D1,2035,0.12
GLOBAL,ELCFRAXX02,S2D1,2036,0.12
GLOBAL,ELCFRAXX02,S2D1,2037,0.12
GLOBAL,ELCFRAXX02,S2D1,2038,0.12
GLOBAL,ELCFRAXX02,S2D1,2039,0.12
GLOBAL,ELCFRAXX02,S2D1,2040,0.12
GLOBAL,ELCFRAXX02,S2D1,2041,0.12
GLOBAL,ELCFRAXX02,S2D1,2042,0.12
GLOBAL,ELCFRAXX02,S2D1,2043,0.12
GLOBAL,ELCFRAXX02,S2D1,2044,0.12
GLOBAL,ELCFRAXX02,S2D1,2045,0.12
GLOBAL,ELCFRAXX02,S2D1,2046,0.12
GLOBAL,ELCFRAXX02,S2D1,2047,0.12
GLOBAL,ELCFRAXX02,S2D1,2048,0.12
GLOBAL,ELCFRAXX02,S2D1,2049,0.12
GLOBAL,ELCFRAXX02,S2D1,2050,0.12
GLOBAL,ELCITAXX02,S2D1,2015,0.11
GLOBAL,ELCITAXX02,S2D1,2016,0.11
GLOBAL,ELCITAXX02,S2D1,2017,0.11
GLOBAL,ELCITAXX02,S2D1,2018,0.11
GLOBAL,ELCITAXX02,S2D1,2019,0.11
GLOBAL,ELCITAXX02,S2D1,2020,0.11
GLOBAL,ELCITAXX02,S2D1,2021,0.11
GLOBAL,ELCITAXX02,S2D1,2022,0.11
GLOBAL,ELCITAXX02,S2D1,2023,0.11
GLOBAL,ELCITAXX02,S2D1,2024,0.11
GLOBAL,ELCITAXX02,S2D1,2025,0.11
GLOBAL,ELCITAXX02,S2D1,2026,0.11
GLOBAL,ELCITAXX02,S2D1,2027,0.11
GLOBAL,ELCITAXX02,S2D1,2028,0.11
GLOBAL,ELCITAXX02,S2D1,2029,0.11
GLOBAL,ELCITAXX02,S2D1,2030,0.11
GLOBAL,ELCITAXX02,S2D1,2031,0.11
GLOBAL,ELCITAXX02,S2D1,2032,0.11
GLOBAL,ELCITAXX02,S2D1,2033,0.11
GLOBAL,ELCITAXX02,S2D1,2034,0.11
GLOBAL,ELCITAXX02,S2D1,2035,0.11
GLOBAL,ELCITAXX02,S2D1,2036,0.11
GLOBAL,ELCITAXX02,S2D1,2037,0.11
GLOBAL,ELCITAXX02,S2D1,2038,0.11
GLOBAL,ELCITAXX02,S2D1,2039,0.11
GLOBAL,ELCITAXX02,S2D1,2040,0.11
GLOBAL,ELCITAXX02,S2D1,2041,0.11
GLOBAL,ELCITAXX02,S2D1,2042,0.11
GLOBAL,ELCITAXX02,S2D1,2043,0.11
GLOBAL,ELCITAXX02,S2D1,2044,0.11
GLOBAL,ELCITAXX02,S2D1,2045,0.11
GLOBAL,ELCITAXX02,S2D1,2046,0.11
GLOBAL,ELCITAXX02,S2D1,2047,0.11
GLOBAL,ELCITAXX02,S2D1,2048,0.11
GLOBAL,ELCITAXX02,S2D1,2049,0.11
GLOBAL,ELCITAXX02,S2D1,2050,0.11
GLOBAL,ELCLUXXX02,S2D1,2015,0.12
GLOBAL,ELCLUXXX02,S2D1,2016,0.12
GLOBAL,ELCLUXXX02,S2D1,2017,0.12
GLOBAL,ELCLUXXX02,S2D1,2018,0.12
GLOBAL,ELCLUXXX02,S2D1,2019,0.12
GLOBAL,ELCLUXXX02,S2D1,2020,0.12
GLOBAL,ELCLUXXX02,S2D1,2021,0.12
GLOBAL,ELCLUXXX02,S2D1,2022,0.12
GLOBAL,ELCLUXXX02,S2D1,2023,0.12
GLOBAL,ELCLUXXX02,S2D1,2024,0.12
GLOBAL,ELCLUXXX02,S2D1,2025,0.12
GLOBAL,ELCLUXXX02,S2D1,2026,0.12
GLOBAL,ELCLUXXX02,S2D1,2027,0.12
GLOBAL,ELCLUXXX02,S2D1,2028,0.12
GLOBAL,ELCLUXXX02,S2D1,2029,0.12
GLOBAL,ELCLUXXX02,S2D1,2030,0.12
GLOBAL,ELCLUXXX02,S2D1,2031,0.12
GLOBAL,ELCLUXXX02,S2D1,2032,0.12
GLOBAL,ELCLUXXX02,S2D1,2033,0.12
GLOBAL,ELCLUXXX02,S2D1,2034,0.12
GLOBAL,ELCLUXXX02,S2D1,2035,0.12
GLOBAL,ELCLUXXX02,S2D1,2036,0.12
GLOBAL,ELCLUXXX02,S2D1,2037,0.12
GLOBAL,ELCLUXXX02,S2D1,2038,0.12
GLOBAL,ELCLUXXX02,S2D1,2039,0.12
GLOBAL,ELCLUXXX02,S2D1,2040,0.12
GLOBAL,ELCLUXXX02,S2D1,2041,0.12
GLOBAL,ELCLUXXX02,S2D1,2042,0.12
GLOBAL,ELCLUXXX02,S2D1,2043,0.12
GLOBAL,ELCLUXXX02,S2D1,2044,0.12
GLOBAL,ELCLUXXX02,S2D1,2045,0.12
GLOBAL,ELCLUXXX02,S2D1,2046,0.12
GLOBAL,ELCLUXXX02,S2D1,2047,0.12
GLOBAL,ELCLUXXX02,S2D1,2048,0.12
GLOBAL,ELCLUXXX02,S2D1,2049,0.12
GLOBAL,ELCLUXXX02,S2D1,2050,0.12
GLOBAL,ELCNLDXX02,S2D1,2015,0.11
GLOBAL,ELCNLDXX02,S2D1,2016,0.11
GLOBAL,ELCNLDXX02,S2D1,2017,0.11
GLOBAL,ELCNLDXX02,S2D1,2018,0.11
GLOBAL,ELCNLDXX02,S2D1,2019,0.11
GLOBAL,ELCNLDXX02,S2D1,2020,0.11
GLOBAL,ELCNLDXX02,S2D1,2021,0.11
GLOBAL,ELCNLDXX02,S2D1,2022,0.11
GLOBAL,ELCNLDXX02,S2D1,2023,0.11
GLOBAL,ELCNLDXX02,S2D1,2024,0.11
GLOBAL,ELCNLDXX02,S2D1,2025,0.11
GLOBAL,ELCNLDXX02,S2D1,2026,0.11
GLOBAL,ELCNLDXX02,S2D1,2027,0.11
GLOBAL,ELCNLDXX02,S2D1,2028,0.11
GLOBAL,ELCNLDXX02,S2D1,2029,0.11
GLOBAL,ELCNLDXX02,S2D1,2030,0.11
GLOBAL,ELCNLDXX02,S2D1,2031,0.11
GLOBAL,ELCNLDXX02,S2D1,2032,0.11
GLOBAL,ELCNLDXX02,S2D1,2033,0.11
GLOBAL,ELCNLDXX02,S2D1,2034,0.11
GLOBAL,ELCNLDXX02,S2D1,2035,0.11
GLOBAL,ELCNLDXX02,S2D1,2036,0.11
GLOBAL,ELCNLDXX02,S2D1,2037,0.11
GLOBAL,ELCNLDXX02,S2D1,2038,0.11
GLOBAL,ELCNLDXX02,S2D1,2039,0.11
GLOBAL,ELCNLDXX02,S2D1,2040,0.11
GLOBAL,ELCNLDXX02,S2D1,2041,0.11
GLOBAL,ELCNLDXX02,S2D1,2042,0.11
GLOBAL,ELCNLDXX02,S2D1,2043,0.11
GLOBAL,ELCNLDXX02,S2D1,2044,0.11
GLOBAL,ELCNLDXX02,S2D1,2045,0.11
GLOBAL,ELCNLDXX02,S2D1,2046,0.11
GLOBAL,ELCNLDXX02,S2D1,2047,0.11
GLOBAL,ELCNLDXX02,S2D1,2048,0.11
GLOBAL,ELCNLDXX02,S2D1,2049,0.11
GLOBAL,ELCNLDXX02,S2D1,2050,0.11
GLOBAL,ELCPRTXX02,S2D1,2015,0.11
GLOBAL,ELCPRTXX02,S2D1,2016,0.11
GLOBAL,ELCPRTXX02,S2D1,2017,0.11
GLOBAL,ELCPRTXX02,S2D1,2018,0.11
GLOBAL,ELCPRTXX02,S2D1,2019,0.11
GLOBAL,ELCPRTXX02,S2D1,2020,0.11
GLOBAL,ELCPRTXX02,S2D1,2021,0.11
GLOBAL,ELCPRTXX02,S2D1,2022,0.11
GLOBAL,ELCPRTXX02,S2D1,2023,0.11
GLOBAL,ELCPRTXX02,S2D1,2024,0.11
GLOBAL,ELCPRTXX02,S2D1,2025,0.11
GLOBAL,ELCPRTXX02,S2D1,2026,0.11
GLOBAL,ELCPRTXX02,S2D1,2027,0.11
GLOBAL,ELCPRTXX02,S2D1,2028,0.11
GLOBAL,ELCPRTXX02,S2D1,2029,0.11
GLOBAL,ELCPRTXX02,S2D1,2030,0.11
GLOBAL,ELCPRTXX02,S2D1,2031,0.11
GLOBAL,ELCPRTXX02,S2D1,2032,0.11
GLOBAL,ELCPRTXX02,S2D1,2033,0.11
GLOBAL,ELCPRTXX02,S2D1,2034,0.11
GLOBAL,ELCPRTXX02,S2D1,2035,0.11
GLOBAL,ELCPRTXX02,S2D1,2036,0.11
GLOBAL,ELCPRTXX02,S2D1,2037,0.11
GLOBAL,ELCPRTXX02,S2D1,2038,0.11
GLOBAL,ELCPRTXX02,S2D1,2039,0.11
GLOBAL,ELCPRTXX02,S2D1,2040,0.11
GLOBAL,ELCPRTXX02,S2D1,2041,0.11
GLOBAL,ELCPRTXX02,S2D1,2042,0.11
GLOBAL,ELCPRTXX02,S2D1,2043,0.11
GLOBAL,ELCPRTXX02,S2D1,2044,0.11
GLOBAL,ELCPRTXX02,S2D1,2045,0.11
GLOBAL,ELCPRTXX02,S2D1,2046,0.11
GLOBAL,ELCPRTXX02,S2D1,2047,0.11
GLOBAL,ELCPRTXX02,S2D1,2048,0.11
GLOBAL,ELCPRTXX02,S2D1,2049,0.11
GLOBAL,ELCPRTXX02,S2D1,2050,0.11
GLOBAL,ELCAUTXX02,S2D2,2015,0.13
GLOBAL,ELCAUTXX02,S2D2,2016,0.13
GLOBAL,ELCAUTXX02,S2D2,2017,0.13
GLOBAL,ELCAUTXX02,S2D2,2018,0.13
GLOBAL,ELCAUTXX02,S2D2,2019,0.13
GLOBAL,ELCAUTXX02,S2D2,2020,0.13
GLOBAL,ELCAUTXX02,S2D2,2021,0.13
GLOBAL,ELCAUTXX02,S2D2,2022,0.13
GLOBAL,ELCAUTXX02,S2D2,2023,0.13
GLOBAL,ELCAUTXX02,S2D2,2024,0.13
GLOBAL,ELCAUTXX02,S2D2,2025,0.13
GLOBAL,ELCAUTXX02,S2D2,2026,0.13
GLOBAL,ELCAUTXX02,S2D2,2027,0.13
GLOBAL,ELCAUTXX02,S2D2,2028,0.13
GLOBAL,ELCAUTXX02,S2D2,2029,0.13
GLOBAL,ELCAUTXX02,S2D2,2030,0.13
GLOBAL,ELCAUTXX02,S2D2,2031,0.13
GLOBAL,ELCAUTXX02,S2D2,2032,0.13
GLOBAL,ELCAUTXX02,S2D2,2033,0.13
GLOBAL,ELCAUTXX02,S2D2,2034,0.13
GLOBAL,ELCAUTXX02,S2D2,2035,0.13
GLOBAL,ELCAUTXX02,S2D2,2036,0.13
GLOBAL,ELCAUTXX02,S2D2,2037,0.13
GLOBAL,ELCAUTXX02,S2D2,2038,0.13
GLOBAL,ELCAUTXX02,S2D2,2039,0.13
GLOBAL,ELCAUTXX02,S2D2,2040,0.13
GLOBAL,ELCAUTXX02,S2D2,2041,0.13
GLOBAL,ELCAUTXX02,S2D2,2042,0.13
GLOBAL,ELCAUTXX02,S2D2,2043,0.13
GLOBAL,ELCAUTXX02,S2D2,2044,0.13
GLOBAL,ELCAUTXX02,S2D2,2045,0.13
GLOBAL,ELCAUTXX02,S2D2,2046,0.13
GLOBAL,ELCAUTXX02,S2D2,2047,0.13
GLOBAL,ELCAUTXX02,S2D2,2048,0.13
GLOBAL,ELCAUTXX02,S2D2,2049,0.13
GLOBAL,ELCAUTXX02,S2D2,2050,0.13
GLOBAL,ELCBELXX02,S2D2,2015,0.13
GLOBAL,ELCBELXX02,S2D2,2016,0.13
GLOBAL,ELCBELXX02,S2D2,2017,0.13
GLOBAL,ELCBELXX02,S2D2,2018,0.13
GLOBAL,ELCBELXX02,S2D2,2019,0.13
GLOBAL,ELCBELXX02,S2D2,2020,0.13
GLOBAL,ELCBELXX02,S2D2,2021,0.13
GLOBAL,ELCBELXX02,S2D2,2022,0.13
GLOBAL,ELCBELXX02,S2D2,2023,0.13
GLOBAL,ELCBELXX02,S2D2,2024,0.13
GLOBAL,ELCBELXX02,S2D2,2025,0.13
GLOBAL,ELCBELXX02,S2D2,2026,0.13
GLOBAL,ELCBELXX02,S2D2,2027,0.13
GLOBAL,ELCBELXX02,S2D2,2028,0.13
GLOBAL,ELCBELXX02,S2D2,2029,0.13
GLOBAL,ELCBELXX02,S2D2,2030,0.13
GLOBAL,ELCBELXX02,S2D2,2031,0.13
GLOBAL,ELCBELXX02,S2D2,2032,0.13
GLOBAL,ELCBELXX02,S2D2,2033,0.13
GLOBAL,ELCBELXX02,S2D2,2034,0.13
GLOBAL,ELCBELXX02,S2D2,2035,0.13
GLOBAL,ELCBELXX02,S2D2,2036,0.13
GLOBAL,ELCBELXX02,S2D2,2037,0.13
GLOBAL,ELCBELXX02,S2D2,2038,0.13
GLOBAL,ELCBELXX02,S2D2,2039,0.13
GLOBAL,ELCBELXX02,S2D2,2040,0.13
GLOBAL,ELCBELXX02,S2D2,2041,0.13
GLOBAL,ELCBELXX02,S2D2,2042,0.13
GLOBAL,ELCBELXX02,S2D2,2043,0.13
GLOBAL,ELCBELXX02,S2D2,2044,0.13
GLOBAL,ELCBELXX02,S2D2,2045,0.13
GLOBAL,ELCBELXX02,S2D2,2046,0.13
GLOBAL,ELCBELXX02,S2D2,2047,0.13
GLOBAL,ELCBELXX02,S2D2,2048,0.13
GLOBAL,ELCBELXX02,S2D2,2049,0.13
GLOBAL,ELCBELXX02,S2D2,2050,0.13
GLOBAL,ELCCHEXX02,S2D2,2015,0.13
GLOBAL,ELCCHEXX02,S2D2,2016,0.13
GLOBAL,ELCCHEXX02,S2D2,2017,0.13
GLOBAL,ELCCHEXX02,S2D2,2018,0.13
GLOBAL,ELCCHEXX02,S2D2,2019,0.13
GLOBAL,ELCCHEXX02,S2D2,2020,0.13
GLOBAL,ELCCHEXX02,S2D2,2021,0.13
GLOBAL,ELCCHEXX02,S2D2,2022,0.13
GLOBAL,ELCCHEXX02,S2D2,2023,0.13
GLOBAL,ELCCHEXX02,S2D2,2024,0.13
GLOBAL,ELCCHEXX02,S2D2,2025,0.13
GLOBAL,ELCCHEXX02,S2D2,2026,0.13
GLOBAL,ELCCHEXX02,S2D2,2027,0.13
GLOBAL,ELCCHEXX02,S2D2,2028,0.13
GLOBAL,ELCCHEXX02,S2D2,2029,0.13
GLOBAL,ELCCHEXX02,S2D2,2030,0.13
GLOBAL,ELCCHEXX02,S2D2,2031,0.13
GLOBAL,ELCCHEXX02,S2D2,2032,0.13
GLOBAL,ELCCHEXX02,S2D2,2033,0.13
GLOBAL,ELCCHEXX02,S2D2,2034,0.13
GLOBAL,ELCCHEXX02,S2D2,2035,0.13
GLOBAL,ELCCHEXX02,S2D2,2036,0.13
GLOBAL,ELCCHEXX02,S2D2,2037,0.13
GLOBAL,ELCCHEXX02,S2D2,2038,0.13
GLOBAL,ELCCHEXX02,S2D2,2039,0.13
GLOBAL,ELCCHEXX02,S2D2,2040,0.13
GLOBAL,ELCCHEXX02,S2D2,2041,0.13
GLOBAL,ELCCHEXX02,S2D2,2042,0.13
GLOBAL,ELCCHEXX02,S2D2,2043,0.13
GLOBAL,ELCCHEXX02,S2D2,2044,0.13
GLOBAL,ELCCHEXX02,S2D2,2045,0.13
GLOBAL,ELCCHEXX02,S2D2,2046,0.13
GLOBAL,ELCCHEXX02,S2D2,2047,0.13
GLOBAL,ELCCHEXX02,S2D2,2048,0.13
GLOBAL,ELCCHEXX02,S2D2,2049,0.13
GLOBAL,ELCCHEXX02,S2D2,2050,0.13
GLOBAL,ELCDEUXX02,S2D2,2015,0.13
GLOBAL,ELCDEUXX02,S2D2,2016,0.13
GLOBAL,ELCDEUXX02,S2D2,2017,0.13
GLOBAL,ELCDEUXX02,S2D2,2018,0.13
GLOBAL,ELCDEUXX02,S2D2,2019,0.13
GLOBAL,ELCDEUXX02,S2D2,2020,0.13
GLOBAL,ELCDEUXX02,S2D2,2021,0.13
GLOBAL,ELCDEUXX02,S2D2,2022,0.13
GLOBAL,ELCDEUXX02,S2D2,2023,0.13
GLOBAL,ELCDEUXX02,S2D2,2024,0.13
GLOBAL,ELCDEUXX02,S2D2,2025,0.13
GLOBAL,ELCDEUXX02,S2D2,2026,0.13
GLOBAL,ELCDEUXX02,S2D2,2027,0.13
GLOBAL,ELCDEUXX02,S2D2,2028,0.13
GLOBAL,ELCDEUXX02,S2D2,2029,0.13
GLOBAL,ELCDEUXX02,S2D2,2030,0.13
GLOBAL,ELCDEUXX02,S2D2,2031,0.13
GLOBAL,ELCDEUXX02,S2D2,2032,0.13
GLOBAL,ELCDEUXX02,S2D2,2033,0.13
GLOBAL,ELCDEUXX02,S2D2,2034,0.13
GLOBAL,ELCDEUXX02,S2D2,2035,0.13
GLOBAL,ELCDEUXX02,S2D2,2036,0.13
GLOBAL,ELCDEUXX02,S2D2,2037,0.13
GLOBAL,ELCDEUXX02,S2D2,2038,0.13
GLOBAL,ELCDEUXX02,S2D2,2039,0.13
GLOBAL,ELCDEUXX02,S2D2,2040,0.13
GLOBAL,ELCDEUXX02,S2D2,2041,0.13
GLOBAL,ELCDEUXX02,S2D2,2042,0.13
GLOBAL,ELCDEUXX02,S2D2,2043,0.13
GLOBAL,ELCDEUXX02,S2D2,2044,0.13
GLOBAL,ELCDEUXX02,S2D2,2045,0.13
GLOBAL,ELCDEUXX02,S2D2,2046,0.13
GLOBAL,ELCDEUXX02,S2D2,2047,0.13
GLOBAL,ELCDEUXX02,S2D2,2048,0.13
GLOBAL,ELCDEUXX02,S2D2,2049,0.13
GLOBAL,ELCDEUXX02,S2D2,2050,0.13
GLOBAL,ELCESPXX02,S2D2,2015,0.13
GLOBAL,ELCESPXX02,S2D2,2016,0.13
GLOBAL,ELCESPXX02,S2D2,2017,0.13
GLOBAL,ELCESPXX02,S2D2,2018,0.13
GLOBAL,ELCESPXX02,S2D2,2019,0.13
GLOBAL,ELCESPXX02,S2D2,2020,0.13
GLOBAL,ELCESPXX02,S2D2,2021,0.13
GLOBAL,ELCESPXX02,S2D2,2022,0.13
GLOBAL,ELCESPXX02,S2D2,2023,0.13
GLOBAL,ELCESPXX02,S2D2,2024,0.13
GLOBAL,ELCESPXX02,S2D2,2025,0.13
GLOBAL,ELCESPXX02,S2D2,2026,0.13
GLOBAL,ELCESPXX02,S2D2,2027,0.13
GLOBAL,ELCESPXX02,S2D2,2028,0.13
GLOBAL,ELCESPXX02,S2D2,2029,0.13
GLOBAL,ELCESPXX02,S2D2,2030,0.13
GLOBAL,ELCESPXX02,S2D2,2031,0.13
GLOBAL,ELCESPXX02,S2D2,2032,0.13
GLOBAL,ELCESPXX02,S2D2,2033,0.13
GLOBAL,ELCESPXX02,S2D2,2034,0.13
GLOBAL,ELCESPXX02,S2D2,2035,0.13
GLOBAL,ELCESPXX02,S2D2,2036,0.13
GLOBAL,ELCESPXX02,S2D2,2037,0.13
GLOBAL,ELCESPXX02,S2D2,2038,0.13
GLOBAL,ELCESPXX02,S2D2,2039,0.13
GLOBAL,ELCESPXX02,S2D2,2040,0.13
GLOBAL,ELCESPXX02,S2D2,2041,0.13
GLOBAL,ELCESPXX02,S2D2,2042,0.13
GLOBAL,ELCESPXX02,S2D2,2043,0.13
GLOBAL,ELCESPXX02,S2D2,2044,0.13
GLOBAL,ELCESPXX02,S2D2,2045,0.13
GLOBAL,ELCESPXX02,S2D2,2046,0.13
GLOBAL,ELCESPXX02,S2D2,2047,0.13
GLOBAL,ELCESPXX02,S2D2,2048,0.13
GLOBAL,ELCESPXX02,S2D2,2049,0.13
GLOBAL,ELCESPXX02,S2D2,2050,0.13
GLOBAL,ELCFRAXX02,S2D2,2015,0.13
GLOBAL,ELCFRAXX02,S2D2,2016,0.13
GLOBAL,ELCFRAXX02,S2D2,2017,0.13
GLOBAL,ELCFRAXX02,S2D2,2018,0.13
GLOBAL,ELCFRAXX02,S2D2,2019,0.13
GLOBAL,ELCFRAXX02,S2D2,2020,0.13
GLOBAL,ELCFRAXX02,S2D2,2021,0.13
GLOBAL,ELCFRAXX02,S2D2,2022,0.13
GLOBAL,ELCFRAXX02,S2D2,2023,0.13
GLOBAL,ELCFRAXX02,S2D2,2024,0.13
GLOBAL,ELCFRAXX02,S2D2,2025,0.13
GLOBAL,ELCFRAXX02,S2D2,2026,0.13
GLOBAL,ELCFRAXX02,S2D2,2027,0.13
GLOBAL,ELCFRAXX02,S2D2,2028,0.13
GLOBAL,ELCFRAXX02,S2D2,2029,0.13
GLOBAL,ELCFRAXX02,S2D2,2030,0.13
GLOBAL,ELCFRAXX02,S2D2,2031,0.13
GLOBAL,ELCFRAXX02,S2D2,2032,0.13
GLOBAL,ELCFRAXX02,S2D2,2033,0.13
GLOBAL,ELCFRAXX02,S2D2,2034,0.13
GLOBAL,ELCFRAXX02,S2D2,2035,0.13
GLOBAL,ELCFRAXX02,S2D2,2036,0.13
GLOBAL,ELCFRAXX02,S2D2,2037,0.13
GLOBAL,ELCFRAXX02,S2D2,2038,0.13
GLOBAL,ELCFRAXX02,S2D2,2039,0.13
GLOBAL,ELCFRAXX02,S2D2,2040,0.13
GLOBAL,ELCFRAXX02,S2D2,2041,0.13
GLOBAL,ELCFRAXX02,S2D2,2042,0.13
GLOBAL,ELCFRAXX02,S2D2,2043,0.13
GLOBAL,ELCFRAXX02,S2D2,2044,0.13
GLOBAL,ELCFRAXX02,S2D2,2045,0.13
GLOBAL,ELCFRAXX02,S2D2,2046,0.13
GLOBAL,ELCFRAXX02,S2D2,2047,0.13
GLOBAL,ELCFRAXX02,S2D2,2048,0.13
GLOBAL,ELCFRAXX02,S2D2,2049,0.13
GLOBAL,ELCFRAXX02,S2D2,2050,0.13
GLOBAL,ELCITAXX02,S2D2,2015,0.13
GLOBAL,ELCITAXX02,S2D2,2016,0.13
GLOBAL,ELCITAXX02,S2D2,2017,0.13
GLOBAL,ELCITAXX02,S2D2,2018,0.13
GLOBAL,ELCITAXX02,S2D2,2019,0.13
GLOBAL,ELCITAXX02,S2D2,2020,0.13
GLOBAL,ELCITAXX02,S2D2,2021,0.13
GLOBAL,ELCITAXX02,S2D2,2022,0.13
GLOBAL,ELCITAXX02,S2D2,2023,0.13
GLOBAL,ELCITAXX02,S2D2,2024,0.13
GLOBAL,ELCITAXX02,S2D2,2025,0.13
GLOBAL,ELCITAXX02,S2D2,2026,0.13
GLOBAL,ELCITAXX02,S2D2,2027,0.13
GLOBAL,ELCITAXX02,S2D2,2028,0.13
GLOBAL,ELCITAXX02,S2D2,2029,0.13
GLOBAL,ELCITAXX02,S2D2,2030,0.13
GLOBAL,ELCITAXX02,S2D2,2031,0.13
GLOBAL,ELCITAXX02,S2D2,2032,0.13
GLOBAL,ELCITAXX02,S2D2,2033,0.13
GLOBAL,ELCITAXX02,S2D2,2034,0.13
GLOBAL,ELCITAXX02,S2D2,2035,0.13
GLOBAL,ELCITAXX02,S2D2,2036,0.13
GLOBAL,ELCITAXX02,S2D2,2037,0.13
GLOBAL,ELCITAXX02,S2D2,2038,0.13
GLOBAL,ELCITAXX02,S2D2,2039,0.13
GLOBAL,ELCITAXX02,S2D2,2040,0.13
GLOBAL,ELCITAXX02,S2D2,2041,0.13
GLOBAL,ELCITAXX02,S2D2,2042,0.13
GLOBAL,ELCITAXX02,S2D2,2043,0.13
GLOBAL,ELCITAXX02,S2D2,2044,0.13
GLOBAL,ELCITAXX02,S2D2,2045,0.13
GLOBAL,ELCITAXX02,S2D2,2046,0.13
GLOBAL,ELCITAXX02,S2D2,2047,0.13
GLOBAL,ELCITAXX02,S2D2,2048,0.13
GLOBAL,ELCITAXX02,S2D2,2049,0.13
GLOBAL,ELCITAXX02,S2D2,2050,0.13
GLOBAL,ELCLUXXX02,S2D2,2015,0.13
GLOBAL,ELCLUXXX02,S2D2,2016,0.13
GLOBAL,ELCLUXXX02,S2D2,2017,0.13
GLOBAL,ELCLUXXX02,S2D2,2018,0.13
GLOBAL,ELCLUXXX02,S2D2,2019,0.13
GLOBAL,ELCLUXXX02,S2D2,2020,0.13
GLOBAL,ELCLUXXX02,S2D2,2021,0.13
GLOBAL,ELCLUXXX02,S2D2,2022,0.13
GLOBAL,ELCLUXXX02,S2D2,2023,0.13
GLOBAL,ELCLUXXX02,S2D2,2024,0.13
GLOBAL,ELCLUXXX02,S2D2,2025,0.13
GLOBAL,ELCLUXXX02,S2D2,2026,0.13
GLOBAL,ELCLUXXX02,S2D2,2027,0.13
GLOBAL,ELCLUXXX02,S2D2,2028,0.13
GLOBAL,ELCLUXXX02,S2D2,2029,0.13
GLOBAL,ELCLUXXX02,S2D2,2030,0.13
GLOBAL,ELCLUXXX02,S2D2,2031,0.13
GLOBAL,ELCLUXXX02,S2D2,2032,0.13
GLOBAL,ELCLUXXX02,S2D2,2033,0.13
GLOBAL,ELCLUXXX02,S2D2,2034,0.13
GLOBAL,ELCLUXXX02,S2D2,2035,0.13
GLOBAL,ELCLUXXX02,S2D2,2036,0.13
GLOBAL,ELCLUXXX02,S2D2,2037,0.13
GLOBAL,ELCLUXXX02,S2D2,2038,0.13
GLOBAL,ELCLUXXX02,S2D2,2039,0.13
GLOBAL,ELCLUXXX02,S2D2,2040,0.13
GLOBAL,ELCLUXXX02,S2D2,2041,0.13
GLOBAL,ELCLUXXX02,S2D2,2042,0.13
GLOBAL,ELCLUXXX02,S2D2,2043,0.13
GLOBAL,ELCLUXXX02,S2D2,2044,0.13
GLOBAL,ELCLUXXX02,S2D2,2045,0.13
GLOBAL,ELCLUXXX02,S2D2,2046,0.13
GLOBAL,ELCLUXXX02,S2D2,2047,0.13
GLOBAL,ELCLUXXX02,S2D2,2048,0.13
GLOBAL,ELCLUXXX02,S2D2,2049,0.13
GLOBAL,ELCLUXXX02,S2D2,2050,0.13
GLOBAL,ELCNLDXX02,S2D2,2015,0.13
GLOBAL,ELCNLDXX02,S2D2,2016,0.13
GLOBAL,ELCNLDXX02,S2D2,2017,0.13
GLOBAL,ELCNLDXX02,S2D2,2018,0.13
GLOBAL,ELCNLDXX02,S2D2,2019,0.13
GLOBAL,ELCNLDXX02,S2D2,2020,0.13
GLOBAL,ELCNLDXX02,S2D2,2021,0.13
GLOBAL,ELCNLDXX02,S2D2,2022,0.13
GLOBAL,ELCNLDXX02,S2D2,2023,0.13
GLOBAL,ELCNLDXX02,S2D2,2024,0.13
GLOBAL,ELCNLDXX02,S2D2,2025,0.13
GLOBAL,ELCNLDXX02,S2D2,2026,0.13
GLOBAL,ELCNLDXX02,S2D2,2027,0.13
GLOBAL,ELCNLDXX02,S2D2,2028,0.13
GLOBAL,ELCNLDXX02,S2D2,2029,0.13
GLOBAL,ELCNLDXX02,S2D2,2030,0.13
GLOBAL,ELCNLDXX02,S2D2,2031,0.13
GLOBAL,ELCNLDXX02,S2D2,2032,0.13
GLOBAL,ELCNLDXX02,S2D2,2033,0.13
GLOBAL,ELCNLDXX02,S2D2,2034,0.13
GLOBAL,ELCNLDXX02,S2D2,2035,0.13
GLOBAL,ELCNLDXX02,S2D2,2036,0.13
GLOBAL,ELCNLDXX02,S2D2,2037,0.13
GLOBAL,ELCNLDXX02,S2D2,2038,0.13
GLOBAL,ELCNLDXX02,S2D2,2039,0.13
GLOBAL,ELCNLDXX02,S2D2,2040,0.13
GLOBAL,ELCNLDXX02,S2D2,2041,0.13
GLOBAL,ELCNLDXX02,S2D2,2042,0.13
GLOBAL,ELCNLDXX02,S2D2,2043,0.13
GLOBAL,ELCNLDXX02,S2D2,2044,0.13
GLOBAL,ELCNLDXX02,S2D2,2045,0.13
GLOBAL,ELCNLDXX02,S2D2,2046,0.13
GLOBAL,ELCNLDXX02,S2D2,2047,0.13
GLOBAL,ELCNLDXX02,S2D2,2048,0.13
GLOBAL,ELCNLDXX02,S2D2,2049,0.13
GLOBAL,ELCNLDXX02,S2D2,2050,0.13
GLOBAL,ELCPRTXX02,S2D2,2015,0.13
GLOBAL,ELCPRTXX02,S2D2,2016,0.13
GLOBAL,ELCPRTXX02,S2D2,2017,0.13
GLOBAL,ELCPRTXX02,S2D2,2018,0.13
GLOBAL,ELCPRTXX02,S2D2,2019,0.13
GLOBAL,ELCPRTXX02,S2D2,2020,0.13
GLOBAL,ELCPRTXX02,S2D2,2021,0.13
GLOBAL,ELCPRTXX02,S2D2,2022,0.13
GLOBAL,ELCPRTXX02,S2D2,2023,0.13
GLOBAL,ELCPRTXX02,S2D2,2024,0.13
GLOBAL,ELCPRTXX02,S2D2,2025,0.13
GLOBAL,ELCPRTXX02,S2D2,2026,0.13
GLOBAL,ELCPRTXX02,S2D2,2027,0.13
GLOBAL,ELCPRTXX02,S2D2,2028,0.13
GLOBAL,ELCPRTXX02,S2D2,2029,0.13
GLOBAL,ELCPRTXX02,S2D2,2030,0.13
GLOBAL,ELCPRTXX02,S2D2,2031,0.13
GLOBAL,ELCPRTXX02,S2D2,2032,0.13
GLOBAL,ELCPRTXX02,S2D2,2033,0.13
GLOBAL,ELCPRTXX02,S2D2,2034,0.13
GLOBAL,ELCPRTXX02,S2D2,2035,0.13
GLOBAL,ELCPRTXX02,S2D2,2036,0.13
GLOBAL,ELCPRTXX02,S2D2,2037,0.13
GLOBAL,ELCPRTXX02,S2D2,2038,0.13
GLOBAL,ELCPRTXX02,S2D2,2039,0.13
GLOBAL,ELCPRTXX02,S2D2,2040,0.13
GLOBAL,ELCPRTXX02,S2D2,2041,0.13
GLOBAL,ELCPRTXX02,S2D2,2042,0.13
GLOBAL,ELCPRTXX02,S2D2,2043,0.13
GLOBAL,ELCPRTXX02,S2D2,2044,0.13
GLOBAL,ELCPRTXX02,S2D2,2045,0.13
GLOBAL,ELCPRTXX02,S2D2,2046,0.13
GLOBAL,ELCPRTXX02,S2D2,2047,0.13
GLOBAL,ELCPRTXX02,S2D2,2048,0.13
GLOBAL,ELCPRTXX02,S2D2,2049,0.13
GLOBAL,ELCPRTXX02,S2D2,2050,0.13
GLOBAL,ELCAUTXX02,S3D1,2015,0.11
GLOBAL,ELCAUTXX02,S3D1,2016,0.11
GLOBAL,ELCAUTXX02,S3D1,2017,0.11
GLOBAL,ELCAUTXX02,S3D1,2018,0.11
GLOBAL,ELCAUTXX02,S3D1,2019,0.11
GLOBAL,ELCAUTXX02,S3D1,2020,0.11
GLOBAL,ELCAUTXX02,S3D1,2021,0.11
GLOBAL,ELCAUTXX02,S3D1,2022,0.11
GLOBAL,ELCAUTXX02,S3D1,2023,0.11
GLOBAL,ELCAUTXX02,S3D1,2024,0.11
GLOBAL,ELCAUTXX02,S3D1,2025,0.11
GLOBAL,ELCAUTXX02,S3D1,2026,0.11
GLOBAL,ELCAUTXX02,S3D1,2027,0.11
GLOBAL,ELCAUTXX02,S3D1,2028,0.11
GLOBAL,ELCAUTXX02,S3D1,2029,0.11
GLOBAL,ELCAUTXX02,S3D1,2030,0.11
GLOBAL,ELCAUTXX02,S3D1,2031,0.11
GLOBAL,ELCAUTXX02,S3D1,2032,0.11
GLOBAL,ELCAUTXX02,S3D1,2033,0.11
GLOBAL,ELCAUTXX02,S3D1,2034,0.11
GLOBAL,ELCAUTXX02,S3D1,2035,0.11
GLOBAL,ELCAUTXX02,S3D1,2036,0.11
GLOBAL,ELCAUTXX02,S3D1,2037,0.11
GLOBAL,ELCAUTXX02,S3D1,2038,0.11
GLOBAL,ELCAUTXX02,S3D1,2039,0.11
GLOBAL,ELCAUTXX02,S3D1,2040,0.11
GLOBAL,ELCAUTXX02,S3D1,2041,0.11
GLOBAL,ELCAUTXX02,S3D1,2042,0.11
GLOBAL,ELCAUTXX02,S3D1,2043,0.11
GLOBAL,ELCAUTXX02,S3D1,2044,0.11
GLOBAL,ELCAUTXX02,S3D1,2045,0.11
GLOBAL,ELCAUTXX02,S3D1,2046,0.11
GLOBAL,ELCAUTXX02,S3D1,2047,0.11
GLOBAL,ELCAUTXX02,S3D1,2048,0.11
GLOBAL,ELCAUTXX02,S3D1,2049,0.11
GLOBAL,ELCAUTXX02,S3D1,2050,0.11
GLOBAL,ELCBELXX02,S3D1,2015,0.11
GLOBAL,ELCBELXX02,S3D1,2016,0.11
GLOBAL,ELCBELXX02,S3D1,2017,0.11
GLOBAL,ELCBELXX02,S3D1,2018,0.11
GLOBAL,ELCBELXX02,S3D1,2019,0.11
GLOBAL,ELCBELXX02,S3D1,2020,0.11
GLOBAL,ELCBELXX02,S3D1,2021,0.11
GLOBAL,ELCBELXX02,S3D1,2022,0.11
GLOBAL,ELCBELXX02,S3D1,2023,0.11
GLOBAL,ELCBELXX02,S3D1,2024,0.11
GLOBAL,ELCBELXX02,S3D1,2025,0.11
GLOBAL,ELCBELXX02,S3D1,2026,0.11
GLOBAL,ELCBELXX02,S3D1,2027,0.11
GLOBAL,ELCBELXX02,S3D1,2028,0.11
GLOBAL,ELCBELXX02,S3D1,2029,0.11
GLOBAL,ELCBELXX02,S3D1,2030,0.11
GLOBAL,ELCBELXX02,S3D1,2031,0.11
GLOBAL,ELCBELXX02,S3D1,2032,0.11
GLOBAL,ELCBELXX02,S3D1,2033,0.11
GLOBAL,ELCBELXX02,S3D1,2034,0.11
GLOBAL,ELCBELXX02,S3D1,2035,0.11
GLOBAL,ELCBELXX02,S3D1,2036,0.11
GLOBAL,ELCBELXX02,S3D1,2037,0.11
GLOBAL,ELCBELXX02,S3D1,2038,0.11
GLOBAL,ELCBELXX02,S3D1,2039,0.11
GLOBAL,ELCBELXX02,S3D1,2040,0.11
GLOBAL,ELCBELXX02,S3D1,2041,0.11
GLOBAL,ELCBELXX02,S3D1,2042,0.11
GLOBAL,ELCBELXX02,S3D1,2043,0.11
GLOBAL,ELCBELXX02,S3D1,2044,0.11
GLOBAL,ELCBELXX02,S3D1,2045,0.11
GLOBAL,ELCBELXX02,S3D1,2046,0.11
GLOBAL,ELCBELXX02,S3D1,2047,0.11
GLOBAL,ELCBELXX02,S3D1,2048,0.11
GLOBAL,ELCBELXX02,S3D1,2049,0.11
GLOBAL,ELCBELXX02,S3D1,2050,0.11
GLOBAL,ELCCHEXX02,S3D1,2015,0.11
GLOBAL,ELCCHEXX02,S3D1,2016,0.11
GLOBAL,ELCCHEXX02,S3D1,2017,0.11
GLOBAL,ELCCHEXX02,S3D1,2018,0.11
GLOBAL,ELCCHEXX02,S3D1,2019,0.11
GLOBAL,ELCCHEXX02,S3D1,2020,0.11
GLOBAL,ELCCHEXX02,S3D1,2021,0.11
GLOBAL,ELCCHEXX02,S3D1,2022,0.11
GLOBAL,ELCCHEXX02,S3D1,2023,0.11
GLOBAL,ELCCHEXX02,S3D1,2024,0.11
GLOBAL,ELCCHEXX02,S3D1,2025,0.11
GLOBAL,ELCCHEXX02,S3D1,2026,0.11
GLOBAL,ELCCHEXX02,S3D1,2027,0.11
GLOBAL,ELCCHEXX02,S3D1,2028,0.11
GLOBAL,ELCCHEXX02,S3D1,2029,0.11
GLOBAL,ELCCHEXX02,S3D1,2030,0.11
GLOBAL,ELCCHEXX02,S3D1,2031,0.11
GLOBAL,ELCCHEXX02,S3D1,2032,0.11
GLOBAL,ELCCHEXX02,S3D1,2033,0.11
GLOBAL,ELCCHEXX02,S3D1,2034,0.11
GLOBAL,ELCCHEXX02,S3D1,2035,0.11
GLOBAL,ELCCHEXX02,S3D1,2036,0.11
GLOBAL,ELCCHEXX02,S3D1,2037,0.11
GLOBAL,ELCCHEXX02,S3D1,2038,0.11
GLOBAL,ELCCHEXX02,S3D1,2039,0.11
GLOBAL,ELCCHEXX02,S3D1,2040,0.11
GLOBAL,ELCCHEXX02,S3D1,2041,0.11
GLOBAL,ELCCHEXX02,S3D1,2042,0.11
GLOBAL,ELCCHEXX02,S3D1,2043,0.11
GLOBAL,ELCCHEXX02,S3D1,2044,0.11
GLOBAL,ELCCHEXX02,S3D1,2045,0.11
GLOBAL,ELCCHEXX02,S3D1,2046,0.11
GLOBAL,ELCCHEXX02,S3D1,2047,0.11
GLOBAL,ELCCHEXX02,S3D1,2048,0.11
GLOBAL,ELCCHEXX02,S3D1,2049,0.11
GLOBAL,ELCCHEXX02,S3D1,2050,0.11
GLOBAL,ELCDEUXX02,S3D1,2015,0.11
GLOBAL,ELCDEUXX02,S3D1,2016,0.11
GLOBAL,ELCDEUXX02,S3D1,2017,0.11
GLOBAL,ELCDEUXX02,S3D1,2018,0.11
GLOBAL,ELCDEUXX02,S3D1,2019,0.11
GLOBAL,ELCDEUXX02,S3D1,2020,0.11
GLOBAL,ELCDEUXX02,S3D1,2021,0.11
GLOBAL,ELCDEUXX02,S3D1,2022,0.11
GLOBAL,ELCDEUXX02,S3D1,2023,0.11
GLOBAL,ELCDEUXX02,S3D1,2024,0.11
GLOBAL,ELCDEUXX02,S3D1,2025,0.11
GLOBAL,ELCDEUXX02,S3D1,2026,0.11
GLOBAL,ELCDEUXX02,S3D1,2027,0.11
GLOBAL,ELCDEUXX02,S3D1,2028,0.11
GLOBAL,ELCDEUXX02,S3D1,2029,0.11
GLOBAL,ELCDEUXX02,S3D1,2030,0.11
GLOBAL,ELCDEUXX02,S3D1,2031,0.11
GLOBAL,ELCDEUXX02,S3D1,2032,0.11
GLOBAL,ELCDEUXX02,S3D1,2033,0.11
GLOBAL,ELCDEUXX02,S3D1,2034,0.11
GLOBAL,ELCDEUXX02,S3D1,2035,0.11
GLOBAL,ELCDEUXX02,S3D1,2036,0.11
GLOBAL,ELCDEUXX02,S3D1,2037,0.11
GLOBAL,ELCDEUXX02,S3D1,2038,0.11
GLOBAL,ELCDEUXX02,S3D1,2039,0.11
GLOBAL,ELCDEUXX02,S3D1,2040,0.11
GLOBAL,ELCDEUXX02,S3D1,2041,0.11
GLOBAL,ELCDEUXX02,S3D1,2042,0.11
GLOBAL,ELCDEUXX02,S3D1,2043,0.11
GLOBAL,ELCDEUXX02,S3D1,2044,0.11
GLOBAL,ELCDEUXX02,S3D1,2045,0.11
GLOBAL,ELCDEUXX02,S3D1,2046,0.11
GLOBAL,ELCDEUXX02,S3D1,2047,0.11
GLOBAL,ELCDEUXX02,S3D1,2048,0.11
GLOBAL,ELCDEUXX02,S3D1,2049,0.11
GLOBAL,ELCDEUXX02,S3D1,2050,0.11
GLOBAL,ELCESPXX02,S3D1,2015,0.12
GLOBAL,ELCESPXX02,S3D1,2016,0.12
GLOBAL,ELCESPXX02,S3D1,2017,0.12
GLOBAL,ELCESPXX02,S3D1,2018,0.12
GLOBAL,ELCESPXX02,S3D1,2019,0.12
GLOBAL,ELCESPXX02,S3D1,2020,0.12
GLOBAL,ELCESPXX02,S3D1,2021,0.12
GLOBAL,ELCESPXX02,S3D1,2022,0.12
GLOBAL,ELCESPXX02,S3D1,2023,0.12
GLOBAL,ELCESPXX02,S3D1,2024,0.12
GLOBAL,ELCESPXX02,S3D1,2025,0.12
GLOBAL,ELCESPXX02,S3D1,2026,0.12
GLOBAL,ELCESPXX02,S3D1,2027,0.12
GLOBAL,ELCESPXX02,S3D1,2028,0.12
GLOBAL,ELCESPXX02,S3D1,2029,0.12
GLOBAL,ELCESPXX02,S3D1,2030,0.12
GLOBAL,ELCESPXX02,S3D1,2031,0.12
GLOBAL,ELCESPXX02,S3D1,2032,0.12
GLOBAL,ELCESPXX02,S3D1,2033,0.12
GLOBAL,ELCESPXX02,S3D1,2034,0.12
GLOBAL,ELCESPXX02,S3D1,2035,0.12
GLOBAL,ELCESPXX02,S3D1,2036,0.12
GLOBAL,ELCESPXX02,S3D1,2037,0.12
GLOBAL,ELCESPXX02,S3D1,2038,0.12
GLOBAL,ELCESPXX02,S3D1,2039,0.12
GLOBAL,ELCESPXX02,S3D1,2040,0.12
GLOBAL,ELCESPXX02,S3D1,2041,0.12
GLOBAL,ELCESPXX02,S3D1,2042,0.12
GLOBAL,ELCESPXX02,S3D1,2043,0.12
GLOBAL,ELCESPXX02,S3D1,2044,0.12
GLOBAL,ELCESPXX02,S3D1,2045,0.12
GLOBAL,ELCESPXX02,S3D1,2046,0.12
GLOBAL,ELCESPXX02,S3D1,2047,0.12
GLOBAL,ELCESPXX02,S3D1,2048,0.12
GLOBAL,ELCESPXX02,S3D1,2049,0.12
GLOBAL,ELCESPXX02,S3D1,2050,0.12
GLOBAL,ELCFRAXX02,S3D1,2015,0.1
GLOBAL,ELCFRAXX02,S3D1,2016,0.1
GLOBAL,ELCFRAXX02,S3D1,2017,0.1
GLOBAL,ELCFRAXX02,S3D1,2018,0.1
GLOBAL,ELCFRAXX02,S3D1,2019,0.1
GLOBAL,ELCFRAXX02,S3D1,2020,0.1
GLOBAL,ELCFRAXX02,S3D1,2021,0.1
GLOBAL,ELCFRAXX02,S3D1,2022,0.1
GLOBAL,ELCFRAXX02,S3D1,2023,0.1
GLOBAL,ELCFRAXX02,S3D1,2024,0.1
GLOBAL,ELCFRAXX02,S3D1,2025,0.1
GLOBAL,ELCFRAXX02,S3D1,2026,0.1
GLOBAL,ELCFRAXX02,S3D1,2027,0.1
GLOBAL,ELCFRAXX02,S3D1,2028,0.1
GLOBAL,ELCFRAXX02,S3D1,2029,0.1
GLOBAL,ELCFRAXX02,S3D1,2030,0.1
GLOBAL,ELCFRAXX02,S3D1,2031,0.1
GLOBAL,ELCFRAXX02,S3D1,2032,0.1
GLOBAL,ELCFRAXX02,S3D1,2033,0.1
GLOBAL,ELCFRAXX02,S3D1,2034,0.1
GLOBAL,ELCFRAXX02,S3D1,2035,0.1
GLOBAL,ELCFRAXX02,S3D1,2036,0.1
GLOBAL,ELCFRAXX02,S3D1,2037,0.1
GLOBAL,ELCFRAXX02,S3D1,2038,0.1
GLOBAL,ELCFRAXX02,S3D1,2039,0.1
GLOBAL,ELCFRAXX02,S3D1,2040,0.1
GLOBAL,ELCFRAXX02,S3D1,2041,0.1
GLOBAL,ELCFRAXX02,S3D1,2042,0.1
GLOBAL,ELCFRAXX02,S3D1,2043,0.1
GLOBAL,ELCFRAXX02,S3D1,2044,0.1
GLOBAL,ELCFRAXX02,S3D1,2045,0.1
GLOBAL,ELCFRAXX02,S3D1,2046,0.1
GLOBAL,ELCFRAXX02,S3D1,2047,0.1
GLOBAL,ELCFRAXX02,S3D1,2048,0.1
GLOBAL,ELCFRAXX02,S3D1,2049,0.1
GLOBAL,ELCFRAXX02,S3D1,2050,0.1
GLOBAL,ELCITAXX02,S3D1,2015,0.12
GLOBAL,ELCITAXX02,S3D1,2016,0.12
GLOBAL,ELCITAXX02,S3D1,2017,0.12
GLOBAL,ELCITAXX02,S3D1,2018,0.12
GLOBAL,ELCITAXX02,S3D1,2019,0.12
GLOBAL,ELCITAXX02,S3D1,2020,0.12
GLOBAL,ELCITAXX02,S3D1,2021,0.12
GLOBAL,ELCITAXX02,S3D1,2022,0.12
GLOBAL,ELCITAXX02,S3D1,2023,0.12
GLOBAL,ELCITAXX02,S3D1,2024,0.12
GLOBAL,ELCITAXX02,S3D1,2025,0.12
GLOBAL,ELCITAXX02,S3D1,2026,0.12
GLOBAL,ELCITAXX02,S3D1,2027,0.12
GLOBAL,ELCITAXX02,S3D1,2028,0.12
GLOBAL,ELCITAXX02,S3D1,2029,0.12
GLOBAL,ELCITAXX02,S3D1,2030,0.12
GLOBAL,ELCITAXX02,S3D1,2031,0.12
GLOBAL,ELCITAXX02,S3D1,2032,0.12
GLOBAL,ELCITAXX02,S3D1,2033,0.12
GLOBAL,ELCITAXX02,S3D1,2034,0.12
GLOBAL,ELCITAXX02,S3D1,2035,0.12
GLOBAL,ELCITAXX02,S3D1,2036,0.12
GLOBAL,ELCITAXX02,S3D1,2037,0.12
GLOBAL,ELCITAXX02,S3D1,2038,0.12
GLOBAL,ELCITAXX02,S3D1,2039,0.12
GLOBAL,ELCITAXX02,S3D1,2040,0.12
GLOBAL,ELCITAXX02,S3D1,2041,0.12
GLOBAL,ELCITAXX02,S3D1,2042,0.12
GLOBAL,ELCITAXX02,S3D1,2043,0.12
GLOBAL,ELCITAXX02,S3D1,2044,0.12
GLOBAL,ELCITAXX02,S3D1,2045,0.12
GLOBAL,ELCITAXX02,S3D1,2046,0.12
GLOBAL,ELCITAXX02,S3D1,2047,0.12
GLOBAL,ELCITAXX02,S3D1,2048,0.12
GLOBAL,ELCITAXX02,S3D1,2049,0.12
GLOBAL,ELCITAXX02,S3D1,2050,0.12
GLOBAL,ELCLUXXX02,S3D1,2015,0.11
GLOBAL,ELCLUXXX02,S3D1,2016,0.11
GLOBAL,ELCLUXXX02,S3D1,2017,0.11
GLOBAL,ELCLUXXX02,S3D1,2018,0.11
GLOBAL,ELCLUXXX02,S3D1,2019,0.11
GLOBAL,ELCLUXXX02,S3D1,2020,0.11
GLOBAL,ELCLUXXX02,S3D1,2021,0.11
GLOBAL,ELCLUXXX02,S3D1,2022,0.11
GLOBAL,ELCLUXXX02,S3D1,2023,0.11
GLOBAL,ELCLUXXX02,S3D1,2024,0.11
GLOBAL,ELCLUXXX02,S3D1,2025,0.11
GLOBAL,ELCLUXXX02,S3D1,2026,0.11
GLOBAL,ELCLUXXX02,S3D1,2027,0.11
GLOBAL,ELCLUXXX02,S3D1,2028,0.11
GLOBAL,ELCLUXXX02,S3D1,2029,0.11
GLOBAL,ELCLUXXX02,S3D1,2030,0.11
GLOBAL,ELCLUXXX02,S3D1,2031,0.11
GLOBAL,ELCLUXXX02,S3D1,2032,0.11
GLOBAL,ELCLUXXX02,S3D1,2033,0.11
GLOBAL,ELCLUXXX02,S3D1,2034,0.11
GLOBAL,ELCLUXXX02,S3D1,2035,0.11
GLOBAL,ELCLUXXX02,S3D1,2036,0.11
GLOBAL,ELCLUXXX02,S3D1,2037,0.11
GLOBAL,ELCLUXXX02,S3D1,2038,0.11
GLOBAL,ELCLUXXX02,S3D1,2039,0.11
GLOBAL,ELCLUXXX02,S3D1,2040,0.11
GLOBAL,ELCLUXXX02,S3D1,2041,0.11
GLOBAL,ELCLUXXX02,S3D1,2042,0.11
GLOBAL,ELCLUXXX02,S3D1,2043,0.11
GLOBAL,ELCLUXXX02,S3D1,2044,0.11
GLOBAL,ELCLUXXX02,S3D1,2045,0.11
GLOBAL,ELCLUXXX02,S3D1,2046,0.11
GLOBAL,ELCLUXXX02,S3D1,2047,0.11
GLOBAL,ELCLUXXX02,S3D1,2048,0.11
GLOBAL,ELCLUXXX02,S3D1,2049,0.11
GLOBAL,ELCLUXXX02,S3D1,2050,0.11
GLOBAL,ELCNLDXX02,S3D1,2015,0.11
GLOBAL,ELCNLDXX02,S3D1,2016,0.11
GLOBAL,ELCNLDXX02,S3D1,2017,0.11
GLOBAL,ELCNLDXX02,S3D1,2018,0.11
GLOBAL,ELCNLDXX02,S3D1,2019,0.11
GLOBAL,ELCNLDXX02,S3D1,2020,0.11
GLOBAL,ELCNLDXX02,S3D1,2021,0.11
GLOBAL,ELCNLDXX02,S3D1,2022,0.11
GLOBAL,ELCNLDXX02,S3D1,2023,0.11
GLOBAL,ELCNLDXX02,S3D1,2024,0.11
GLOBAL,ELCNLDXX02,S3D1,2025,0.11
GLOBAL,ELCNLDXX02,S3D1,2026,0.11
GLOBAL,ELCNLDXX02,S3D1,2027,0.11
GLOBAL,ELCNLDXX02,S3D1,2028,0.11
GLOBAL,ELCNLDXX02,S3D1,2029,0.11
GLOBAL,ELCNLDXX02,S3D1,2030,0.11
GLOBAL,ELCNLDXX02,S3D1,2031,0.11
GLOBAL,ELCNLDXX02,S3D1,2032,0.11
GLOBAL,ELCNLDXX02,S3D1,2033,0.11
GLOBAL,ELCNLDXX02,S3D1,2034,0.11
GLOBAL,ELCNLDXX02,S3D1,2035,0.11
GLOBAL,ELCNLDXX02,S3D1,2036,0.11
GLOBAL,ELCNLDXX02,S3D1,2037,0.11
GLOBAL,ELCNLDXX02,S3D1,2038,0.11
GLOBAL,ELCNLDXX02,S3D1,2039,0.11
GLOBAL,ELCNLDXX02,S3D1,2040,0.11
GLOBAL,ELCNLDXX02,S3D1,2041,0.11
GLOBAL,ELCNLDXX02,S3D1,2042,0.11
GLOBAL,ELCNLDXX02,S3D1,2043,0.11
GLOBAL,ELCNLDXX02,S3D1,2044,0.11
GLOBAL,ELCNLDXX02,S3D1,2045,0.11
GLOBAL,ELCNLDXX02,S3D1,2046,0.11
GLOBAL,ELCNLDXX02,S3D1,2047,0.11
GLOBAL,ELCNLDXX02,S3D1,2048,0.11
GLOBAL,ELCNLDXX02,S3D1,2049,0.11
GLOBAL,ELCNLDXX02,S3D1,2050,0.11
GLOBAL,ELCPRTXX02,S3D1,2015,0.11
GLOBAL,ELCPRTXX02,S3D1,2016,0.11
GLOBAL,ELCPRTXX02,S3D1,2017,0.11
GLOBAL,ELCPRTXX02,S3D1,2018,0.11
GLOBAL,ELCPRTXX02,S3D1,2019,0.11
GLOBAL,ELCPRTXX02,S3D1,2020,0.11
GLOBAL,ELCPRTXX02,S3D1,2021,0.11
GLOBAL,ELCPRTXX02,S3D1,2022,0.11
GLOBAL,ELCPRTXX02,S3D1,2023,0.11
GLOBAL,ELCPRTXX02,S3D1,2024,0.11
GLOBAL,ELCPRTXX02,S3D1,2025,0.11
GLOBAL,ELCPRTXX02,S3D1,2026,0.11
GLOBAL,ELCPRTXX02,S3D1,2027,0.11
GLOBAL,ELCPRTXX02,S3D1,2028,0.11
GLOBAL,ELCPRTXX02,S3D1,2029,0.11
GLOBAL,ELCPRTXX02,S3D1,2030,0.11
GLOBAL,ELCPRTXX02,S3D1,2031,0.11
GLOBAL,ELCPRTXX02,S3D1,2032,0.11
GLOBAL,ELCPRTXX02,S3D1,2033,0.11
GLOBAL,ELCPRTXX02,S3D1,2034,0.11
GLOBAL,ELCPRTXX02,S3D1,2035,0.11
GLOBAL,ELCPRTXX02,S3D1,2036,0.11
GLOBAL,ELCPRTXX02,S3D1,2037,0.11
GLOBAL,ELCPRTXX02,S3D1,2038,0.11
GLOBAL,ELCPRTXX02,S3D1,2039,0.11
GLOBAL,ELCPRTXX02,S3D1,2040,0.11
GLOBAL,ELCPRTXX02,S3D1,2041,0.11
GLOBAL,ELCPRTXX02,S3D1,2042,0.11
GLOBAL,ELCPRTXX02,S3D1,2043,0.11
GLOBAL,ELCPRTXX02,S3D1,2044,0.11
GLOBAL,ELCPRTXX02,S3D1,2045,0.11
GLOBAL,ELCPRTXX02,S3D1,2046,0.11
GLOBAL,ELCPRTXX02,S3D1,2047,0.11
GLOBAL,ELCPRTXX02,S3D1,2048,0.11
GLOBAL,ELCPRTXX02,S3D1,2049,0.11
GLOBAL,ELCPRTXX02,S3D1,2050,0.11
GLOBAL,ELCAUTXX02,S3D2,2015,0.12
GLOBAL,ELCAUTXX02,S3D2,2016,0.12
GLOBAL,ELCAUTXX02,S3D2,2017,0.12
GLOBAL,ELCAUTXX02,S3D2,2018,0.12
GLOBAL,ELCAUTXX02,S3D2,2019,0.12
GLOBAL,ELCAUTXX02,S3D2,2020,0.12
GLOBAL,ELCAUTXX02,S3D2,2021,0.12
GLOBAL,ELCAUTXX02,S3D2,2022,0.12
GLOBAL,ELCAUTXX02,S3D2,2023,0.12
GLOBAL,ELCAUTXX02,S3D2,2024,0.12
GLOBAL,ELCAUTXX02,S3D2,2025,0.12
GLOBAL,ELCAUTXX02,S3D2,2026,0.12
GLOBAL,ELCAUTXX02,S3D2,2027,0.12
GLOBAL,ELCAUTXX02,S3D2,2028,0.12
GLOBAL,ELCAUTXX02,S3D2,2029,0.12
GLOBAL,ELCAUTXX02,S3D2,2030,0.12
GLOBAL,ELCAUTXX02,S3D2,2031,0.12
GLOBAL,ELCAUTXX02,S3D2,2032,0.12
GLOBAL,ELCAUTXX02,S3D2,2033,0.12
GLOBAL,ELCAUTXX02,S3D2,2034,0.12
GLOBAL,ELCAUTXX02,S3D2,2035,0.12
GLOBAL,ELCAUTXX02,S3D2,2036,0.12
GLOBAL,ELCAUTXX02,S3D2,2037,0.12
GLOBAL,ELCAUTXX02,S3D2,2038,0.12
GLOBAL,ELCAUTXX02,S3D2,2039,0.12
GLOBAL,ELCAUTXX02,S3D2,2040,0.12
GLOBAL,ELCAUTXX02,S3D2,2041,0.12
GLOBAL,ELCAUTXX02,S3D2,2042,0.12
GLOBAL,ELCAUTXX02,S3D2,2043,0.12
GLOBAL,ELCAUTXX02,S3D2,2044,0.12
GLOBAL,ELCAUTXX02,S3D2,2045,0.12
GLOBAL,ELCAUTXX02,S3D2,2046,0.12
GLOBAL,ELCAUTXX02,S3D2,2047,0.12
GLOBAL,ELCAUTXX02,S3D2,2048,0.12
GLOBAL,ELCAUTXX02,S3D2,2049,0.12
GLOBAL,ELCAUTXX02,S3D2,2050,0.12
GLOBAL,ELCBELXX02,S3D2,2015,0.12
GLOBAL,ELCBELXX02,S3D2,2016,0.12
GLOBAL,ELCBELXX02,S3D2,2017,0.12
GLOBAL,ELCBELXX02,S3D2,2018,0.12
GLOBAL,ELCBELXX02,S3D2,2019,0.12
GLOBAL,ELCBELXX02,S3D2,2020,0.12
GLOBAL,ELCBELXX02,S3D2,2021,0.12
GLOBAL,ELCBELXX02,S3D2,2022,0.12
GLOBAL,ELCBELXX02,S3D2,2023,0.12
GLOBAL,ELCBELXX02,S3D2,2024,0.12
GLOBAL,ELCBELXX02,S3D2,2025,0.12
GLOBAL,ELCBELXX02,S3D2,2026,0.12
GLOBAL,ELCBELXX02,S3D2,2027,0.12
GLOBAL,ELCBELXX02,S3D2,2028,0.12
GLOBAL,ELCBELXX02,S3D2,2029,0.12
GLOBAL,ELCBELXX02,S3D2,2030,0.12
GLOBAL,ELCBELXX02,S3D2,2031,0.12
GLOBAL,ELCBELXX02,S3D2,2032,0.12
GLOBAL,ELCBELXX02,S3D2,2033,0.12
GLOBAL,ELCBELXX02,S3D2,2034,0.12
GLOBAL,ELCBELXX02,S3D2,2035,0.12
GLOBAL,ELCBELXX02,S3D2,2036,0.12
GLOBAL,ELCBELXX02,S3D2,2037,0.12
GLOBAL,ELCBELXX02,S3D2,2038,0.12
GLOBAL,ELCBELXX02,S3D2,2039,0.12
GLOBAL,ELCBELXX02,S3D2,2040,0.12
GLOBAL,ELCBELXX02,S3D2,2041,0.12
GLOBAL,ELCBELXX02,S3D2,2042,0.12
GLOBAL,ELCBELXX02,S3D2,2043,0.12
GLOBAL,ELCBELXX02,S3D2,2044,0.12
GLOBAL,ELCBELXX02,S3D2,2045,0.12
GLOBAL,ELCBELXX02,S3D2,2046,0.12
GLOBAL,ELCBELXX02,S3D2,2047,0.12
GLOBAL,ELCBELXX02,S3D2,2048,0.12
GLOBAL,ELCBELXX02,S3D2,2049,0.12
GLOBAL,ELCBELXX02,S3D2,2050,0.12
GLOBAL,ELCCHEXX02,S3D2,2015,0.12
GLOBAL,ELCCHEXX02,S3D2,2016,0.12
GLOBAL,ELCCHEXX02,S3D2,2017,0.12
GLOBAL,ELCCHEXX02,S3D2,2018,0.12
GLOBAL,ELCCHEXX02,S3D2,2019,0.12
GLOBAL,ELCCHEXX02,S3D2,2020,0.12
GLOBAL,ELCCHEXX02,S3D2,2021,0.12
GLOBAL,ELCCHEXX02,S3D2,2022,0.12
GLOBAL,ELCCHEXX02,S3D2,2023,0.12
GLOBAL,ELCCHEXX02,S3D2,2024,0.12
GLOBAL,ELCCHEXX02,S3D2,2025,0.12
GLOBAL,ELCCHEXX02,S3D2,2026,0.12
GLOBAL,ELCCHEXX02,S3D2,2027,0.12
GLOBAL,ELCCHEXX02,S3D2,2028,0.12
GLOBAL,ELCCHEXX02,S3D2,2029,0.12
GLOBAL,ELCCHEXX02,S3D2,2030,0.12
GLOBAL,ELCCHEXX02,S3D2,2031,0.12
GLOBAL,ELCCHEXX02,S3D2,2032,0.12
GLOBAL,ELCCHEXX02,S3D2,2033,0.12
GLOBAL,ELCCHEXX02,S3D2,2034,0.12
GLOBAL,ELCCHEXX02,S3D2,2035,0.12
GLOBAL,ELCCHEXX02,S3D2,2036,0.12
GLOBAL,ELCCHEXX02,S3D2,2037,0.12
GLOBAL,ELCCHEXX02,S3D2,2038,0.12
GLOBAL,ELCCHEXX02,S3D2,2039,0.12
GLOBAL,ELCCHEXX02,S3D2,2040,0.12
GLOBAL,ELCCHEXX02,S3D2,2041,0.12
GLOBAL,ELCCHEXX02,S3D2,2042,0.12
GLOBAL,ELCCHEXX02,S3D2,2043,0.12
GLOBAL,ELCCHEXX02,S3D2,2044,0.12
GLOBAL,ELCCHEXX02,S3D2,2045,0.12
GLOBAL,ELCCHEXX02,S3D2,2046,0.12
GLOBAL,ELCCHEXX02,S3D2,2047,0.12
GLOBAL,ELCCHEXX02,S3D2,2048,0.12
GLOBAL,ELCCHEXX02,S3D2,2049,0.12
GLOBAL,ELCCHEXX02,S3D2,2050,0.12
GLOBAL,ELCDEUXX02,S3D2,2015,0.13
GLOBAL,ELCDEUXX02,S3D2,2016,0.13
GLOBAL,ELCDEUXX02,S3D2,2017,0.13
GLOBAL,ELCDEUXX02,S3D2,2018,0.13
GLOBAL,ELCDEUXX02,S3D2,2019,0.13
GLOBAL,ELCDEUXX02,S3D2,2020,0.13
GLOBAL,ELCDEUXX02,S3D2,2021,0.13
GLOBAL,ELCDEUXX02,S3D2,2022,0.13
GLOBAL,ELCDEUXX02,S3D2,2023,0.13
GLOBAL,ELCDEUXX02,S3D2,2024,0.13
GLOBAL,ELCDEUXX02,S3D2,2025,0.13
GLOBAL,ELCDEUXX02,S3D2,2026,0.13
GLOBAL,ELCDEUXX02,S3D2,2027,0.13
GLOBAL,ELCDEUXX02,S3D2,2028,0.13
GLOBAL,ELCDEUXX02,S3D2,2029,0.13
GLOBAL,ELCDEUXX02,S3D2,2030,0.13
GLOBAL,ELCDEUXX02,S3D2,2031,0.13
GLOBAL,ELCDEUXX02,S3D2,2032,0.13
GLOBAL,ELCDEUXX02,S3D2,2033,0.13
GLOBAL,ELCDEUXX02,S3D2,2034,0.13
GLOBAL,ELCDEUXX02,S3D2,2035,0.13
GLOBAL,ELCDEUXX02,S3D2,2036,0.13
GLOBAL,ELCDEUXX02,S3D2,2037,0.13
GLOBAL,ELCDEUXX02,S3D2,2038,0.13
GLOBAL,ELCDEUXX02,S3D2,2039,0.13
GLOBAL,ELCDEUXX02,S3D2,2040,0.13
GLOBAL,ELCDEUXX02,S3D2,2041,0.13
GLOBAL,ELCDEUXX02,S3D2,2042,0.13
GLOBAL,ELCDEUXX02,S3D2,2043,0.13
GLOBAL,ELCDEUXX02,S3D2,2044,0.13
GLOBAL,ELCDEUXX02,S3D2,2045,0.13
GLOBAL,ELCDEUXX02,S3D2,2046,0.13
GLOBAL,ELCDEUXX02,S3D2,2047,0.13
GLOBAL,ELCDEUXX02,S3D2,2048,0.13
GLOBAL,ELCDEUXX02,S3D2,2049,0.13
GLOBAL,ELCDEUXX02,S3D2,2050,0.13
GLOBAL,ELCESPXX02,S3D2,2015,0.14
GLOBAL,ELCESPXX02,S3D2,2016,0.14
GLOBAL,ELCESPXX02,S3D2,2017,0.14
GLOBAL,ELCESPXX02,S3D2,2018,0.14
GLOBAL,ELCESPXX02,S3D2,2019,0.14
GLOBAL,ELCESPXX02,S3D2,2020,0.14
GLOBAL,ELCESPXX02,S3D2,2021,0.14
GLOBAL,ELCESPXX02,S3D2,2022,0.14
GLOBAL,ELCESPXX02,S3D2,2023,0.14
GLOBAL,ELCESPXX02,S3D2,2024,0.14
GLOBAL,ELCESPXX02,S3D2,2025,0.14
GLOBAL,ELCESPXX02,S3D2,2026,0.14
GLOBAL,ELCESPXX02,S3D2,2027,0.14
GLOBAL,ELCESPXX02,S3D2,2028,0.14
GLOBAL,ELCESPXX02,S3D2,2029,0.14
GLOBAL,ELCESPXX02,S3D2,2030,0.14
GLOBAL,ELCESPXX02,S3D2,2031,0.14
GLOBAL,ELCESPXX02,S3D2,2032,0.14
GLOBAL,ELCESPXX02,S3D2,2033,0.14
GLOBAL,ELCESPXX02,S3D2,2034,0.14
GLOBAL,ELCESPXX02,S3D2,2035,0.14
GLOBAL,ELCESPXX02,S3D2,2036,0.14
GLOBAL,ELCESPXX02,S3D2,2037,0.14
GLOBAL,ELCESPXX02,S3D2,2038,0.14
GLOBAL,ELCESPXX02,S3D2,2039,0.14
GLOBAL,ELCESPXX02,S3D2,2040,0.14
GLOBAL,ELCESPXX02,S3D2,2041,0.14
GLOBAL,ELCESPXX02,S3D2,2042,0.14
GLOBAL,ELCESPXX02,S3D2,2043,0.14
GLOBAL,ELCESPXX02,S3D2,2044,0.14
GLOBAL,ELCESPXX02,S3D2,2045,0.14
GLOBAL,ELCESPXX02,S3D2,2046,0.14
GLOBAL,ELCESPXX02,S3D2,2047,0.14
GLOBAL,ELCESPXX02,S3D2,2048,0.14
GLOBAL,ELCESPXX02,S3D2,2049,0.14
GLOBAL,ELCESPXX02,S3D2,2050,0.14
GLOBAL,ELCFRAXX02,S3D2,2015,0.11
GLOBAL,ELCFRAXX02,S3D2,2016,0.11
GLOBAL,ELCFRAXX02,S3D2,2017,0.11
GLOBAL,ELCFRAXX02,S3D2,2018,0.11
GLOBAL,ELCFRAXX02,S3D2,2019,0.11
GLOBAL,ELCFRAXX02,S3D2,2020,0.11
GLOBAL,ELCFRAXX02,S3D2,2021,0.11
GLOBAL,ELCFRAXX02,S3D2,2022,0.11
GLOBAL,ELCFRAXX02,S3D2,2023,0.11
GLOBAL,ELCFRAXX02,S3D2,2024,0.11
GLOBAL,ELCFRAXX02,S3D2,2025,0.11
GLOBAL,ELCFRAXX02,S3D2,2026,0.11
GLOBAL,ELCFRAXX02,S3D2,2027,0.11
GLOBAL,ELCFRAXX02,S3D2,2028,0.11
GLOBAL,ELCFRAXX02,S3D2,2029,0.11
GLOBAL,ELCFRAXX02,S3D2,2030,0.11
GLOBAL,ELCFRAXX02,S3D2,2031,0.11
GLOBAL,ELCFRAXX02,S3D2,2032,0.11
GLOBAL,ELCFRAXX02,S3D2,2033,0.11
GLOBAL,ELCFRAXX02,S3D2,2034,0.11
GLOBAL,ELCFRAXX02,S3D2,2035,0.11
GLOBAL,ELCFRAXX02,S3D2,2036,0.11
GLOBAL,ELCFRAXX02,S3D2,2037,0.11
GLOBAL,ELCFRAXX02,S3D2,2038,0.11
GLOBAL,ELCFRAXX02,S3D2,2039,0.11
GLOBAL,ELCFRAXX02,S3D2,2040,0.11
GLOBAL,ELCFRAXX02,S3D2,2041,0.11
GLOBAL,ELCFRAXX02,S3D2,2042,0.11
GLOBAL,ELCFRAXX02,S3D2,2043,0.11
GLOBAL,ELCFRAXX02,S3D2,2044,0.11
GLOBAL,ELCFRAXX02,S3D2,2045,0.11
GLOBAL,ELCFRAXX02,S3D2,2046,0.11
GLOBAL,ELCFRAXX02,S3D2,2047,0.11
GLOBAL,ELCFRAXX02,S3D2,2048,0.11
GLOBAL,ELCFRAXX02,S3D2,2049,0.11
GLOBAL,ELCFRAXX02,S3D2,2050,0.11
GLOBAL,ELCITAXX02,S3D2,2015,0.15
GLOBAL,ELCITAXX02,S3D2,2016,0.15
GLOBAL,ELCITAXX02,S3D2,2017,0.15
GLOBAL,ELCITAXX02,S3D2,2018,0.15
GLOBAL,ELCITAXX02,S3D2,2019,0.15
GLOBAL,ELCITAXX02,S3D2,2020,0.15
GLOBAL,ELCITAXX02,S3D2,2021,0.15
GLOBAL,ELCITAXX02,S3D2,2022,0.15
GLOBAL,ELCITAXX02,S3D2,2023,0.15
GLOBAL,ELCITAXX02,S3D2,2024,0.15
GLOBAL,ELCITAXX02,S3D2,2025,0.15
GLOBAL,ELCITAXX02,S3D2,2026,0.15
GLOBAL,ELCITAXX02,S3D2,2027,0.15
GLOBAL,ELCITAXX02,S3D2,2028,0.15
GLOBAL,ELCITAXX02,S3D2,2029,0.15
GLOBAL,ELCITAXX02,S3D2,2030,0.15
GLOBAL,ELCITAXX02,S3D2,2031,0.15
GLOBAL,ELCITAXX02,S3D2,2032,0.15
GLOBAL,ELCITAXX02,S3D2,2033,0.15
GLOBAL,ELCITAXX02,S3D2,2034,0.15
GLOBAL,ELCITAXX02,S3D2,2035,0.15
GLOBAL,ELCITAXX02,S3D2,2036,0.15
GLOBAL,ELCITAXX02,S3D2,2037,0.15
GLOBAL,ELCITAXX02,S3D2,2038,0.15
GLOBAL,ELCITAXX02,S3D2,2039,0.15
GLOBAL,ELCITAXX02,S3D2,2040,0.15
GLOBAL,ELCITAXX02,S3D2,2041,0.15
GLOBAL,ELCITAXX02,S3D2,2042,0.15
GLOBAL,ELCITAXX02,S3D2,2043,0.15
GLOBAL,ELCITAXX02,S3D2,2044,0.15
GLOBAL,ELCITAXX02,S3D2,2045,0.15
GLOBAL,ELCITAXX02,S3D2,2046,0.15
GLOBAL,ELCITAXX02,S3D2,2047,0.15
GLOBAL,ELCITAXX02,S3D2,2048,0.15
GLOBAL,ELCITAXX02,S3D2,2049,0.15
GLOBAL,ELCITAXX02,S3D2,2050,0.15
GLOBAL,ELCLUXXX02,S3D2,2015,0.12
GLOBAL,ELCLUXXX02,S3D2,2016,0.12
GLOBAL,ELCLUXXX02,S3D2,2017,0.12
GLOBAL,ELCLUXXX02,S3D2,2018,0.12
GLOBAL,ELCLUXXX02,S3D2,2019,0.12
GLOBAL,ELCLUXXX02,S3D2,2020,0.12
GLOBAL,ELCLUXXX02,S3D2,2021,0.12
GLOBAL,ELCLUXXX02,S3D2,2022,0.12
GLOBAL,ELCLUXXX02,S3D2,2023,0.12
GLOBAL,ELCLUXXX02,S3D2,2024,0.12
GLOBAL,ELCLUXXX02,S3D2,2025,0.12
GLOBAL,ELCLUXXX02,S3D2,2026,0.12
GLOBAL,ELCLUXXX02,S3D2,2027,0.12
GLOBAL,ELCLUXXX02,S3D2,2028,0.12
GLOBAL,ELCLUXXX02,S3D2,2029,0.12
GLOBAL,ELCLUXXX02,S3D2,2030,0.12
GLOBAL,ELCLUXXX02,S3D2,2031,0.12
GLOBAL,ELCLUXXX02,S3D2,2032,0.12
GLOBAL,ELCLUXXX02,S3D2,2033,0.12
GLOBAL,ELCLUXXX02,S3D2,2034,0.12
GLOBAL,ELCLUXXX02,S3D2,2035,0.12
GLOBAL,ELCLUXXX02,S3D2,2036,0.12
GLOBAL,ELCLUXXX02,S3D2,2037,0.12
GLOBAL,ELCLUXXX02,S3D2,2038,0.12
GLOBAL,ELCLUXXX02,S3D2,2039,0.12
GLOBAL,ELCLUXXX02,S3D2,2040,0.12
GLOBAL,ELCLUXXX02,S3D2,2041,0.12
GLOBAL,ELCLUXXX02,S3D2,2042,0.12
GLOBAL,ELCLUXXX02,S3D2,2043,0.12
GLOBAL,ELCLUXXX02,S3D2,2044,0.12
GLOBAL,ELCLUXXX02,S3D2,2045,0.12
GLOBAL,ELCLUXXX02,S3D2,2046,0.12
GLOBAL,ELCLUXXX02,S3D2,2047,0.12
GLOBAL,ELCLUXXX02,S3D2,2048,0.12
GLOBAL,ELCLUXXX02,S3D2,2049,0.12
GLOBAL,ELCLUXXX02,S3D2,2050,0.12
GLOBAL,ELCNLDXX02,S3D2,2015,0.13
GLOBAL,ELCNLDXX02,S3D2,2016,0.13
GLOBAL,ELCNLDXX02,S3D2,2017,0.13
GLOBAL,ELCNLDXX02,S3D2,2018,0.13
GLOBAL,ELCNLDXX02,S3D2,2019,0.13
GLOBAL,ELCNLDXX02,S3D2,2020,0.13
GLOBAL,ELCNLDXX02,S3D2,2021,0.13
GLOBAL,ELCNLDXX02,S3D2,2022,0.13
GLOBAL,ELCNLDXX02,S3D2,2023,0.13
GLOBAL,ELCNLDXX02,S3D2,2024,0.13
GLOBAL,ELCNLDXX02,S3D2,2025,0.13
GLOBAL,ELCNLDXX02,S3D2,2026,0.13
GLOBAL,ELCNLDXX02,S3D2,2027,0.13
GLOBAL,ELCNLDXX02,S3D2,2028,0.13
GLOBAL,ELCNLDXX02,S3D2,2029,0.13
GLOBAL,ELCNLDXX02,S3D2,2030,0.13
GLOBAL,ELCNLDXX02,S3D2,2031,0.13
GLOBAL,ELCNLDXX02,S3D2,2032,0.13
GLOBAL,ELCNLDXX02,S3D2,2033,0.13
GLOBAL,ELCNLDXX02,S3D2,2034,0.13
GLOBAL,ELCNLDXX02,S3D2,2035,0.13
GLOBAL,ELCNLDXX02,S3D2,2036,0.13
GLOBAL,ELCNLDXX02,S3D2,2037,0.13
GLOBAL,ELCNLDXX02,S3D2,2038,0.13
GLOBAL,ELCNLDXX02,S3D2,2039,0.13
GLOBAL,ELCNLDXX02,S3D2,2040,0.13
GLOBAL,ELCNLDXX02,S3D2,2041,0.13
GLOBAL,ELCNLDXX02,S3D2,2042,0.13
GLOBAL,ELCNLDXX02,S3D2,2043,0.13
GLOBAL,ELCNLDXX02,S3D2,2044,0.13
GLOBAL,ELCNLDXX02,S3D2,2045,0.13
GLOBAL,ELCNLDXX02,S3D2,2046,0.13
GLOBAL,ELCNLDXX02,S3D2,2047,0.13
GLOBAL,ELCNLDXX02,S3D2,2048,0.13
GLOBAL,ELCNLDXX02,S3D2,2049,0.13
GLOBAL,ELCNLDXX02,S3D2,2050,0.13
GLOBAL,ELCPRTXX02,S3D2,2015,0.14
GLOBAL,ELCPRTXX02,S3D2,2016,0.14
GLOBAL,ELCPRTXX02,S3D2,2017,0.14
GLOBAL,ELCPRTXX02,S3D2,2018,0.14
GLOBAL,ELCPRTXX02,S3D2,2019,0.14
GLOBAL,ELCPRTXX02,S3D2,2020,0.14
GLOBAL,ELCPRTXX02,S3D2,2021,0.14
GLOBAL,ELCPRTXX02,S3D2,2022,0.14
GLOBAL,ELCPRTXX02,S3D2,2023,0.14
GLOBAL,ELCPRTXX02,S3D2,2024,0.14
GLOBAL,ELCPRTXX02,S3D2,2025,0.14
GLOBAL,ELCPRTXX02,S3D2,2026,0.14
GLOBAL,ELCPRTXX02,S3D2,2027,0.14
GLOBAL,ELCPRTXX02,S3D2,2028,0.14
GLOBAL,ELCPRTXX02,S3D2,2029,0.14
GLOBAL,ELCPRTXX02,S3D2,2030,0.14
GLOBAL,ELCPRTXX02,S3D2,2031,0.14
GLOBAL,ELCPRTXX02,S3D2,2032,0.14
GLOBAL,ELCPRTXX02,S3D2,2033,0.14
GLOBAL,ELCPRTXX02,S3D2,2034,0.14
GLOBAL,ELCPRTXX02,S3D2,2035,0.14
GLOBAL,ELCPRTXX02,S3D2,2036,0.14
GLOBAL,ELCPRTXX02,S3D2,2037,0.14
GLOBAL,ELCPRTXX02,S3D2,2038,0.14
GLOBAL,ELCPRTXX02,S3D2,2039,0.14
GLOBAL,ELCPRTXX02,S3D2,2040,0.14
GLOBAL,ELCPRTXX02,S3D2,2041,0.14
GLOBAL,ELCPRTXX02,S3D2,2042,0.14
GLOBAL,ELCPRTXX02,S3D2,2043,0.14
GLOBAL,ELCPRTXX02,S3D2,2044,0.14
GLOBAL,ELCPRTXX02,S3D2,2045,0.14
GLOBAL,ELCPRTXX02,S3D2,2046,0.14
GLOBAL,ELCPRTXX02,S3D2,2047,0.14
GLOBAL,ELCPRTXX02,S3D2,2048,0.14
GLOBAL,ELCPRTXX02,S3D2,2049,0.14
GLOBAL,ELCPRTXX02,S3D2,2050,0.14
GLOBAL,ELCAUTXX02,S4D1,2015,0.12
GLOBAL,ELCAUTXX02,S4D1,2016,0.12
GLOBAL,ELCAUTXX02,S4D1,2017,0.12
GLOBAL,ELCAUTXX02,S4D1,2018,0.12
GLOBAL,ELCAUTXX02,S4D1,2019,0.12
GLOBAL,ELCAUTXX02,S4D1,2020,0.12
GLOBAL,ELCAUTXX02,S4D1,2021,0.12
GLOBAL,ELCAUTXX02,S4D1,2022,0.12
GLOBAL,ELCAUTXX02,S4D1,2023,0.12
GLOBAL,ELCAUTXX02,S4D1,2024,0.12
GLOBAL,ELCAUTXX02,S4D1,2025,0.12
GLOBAL,ELCAUTXX02,S4D1,2026,0.12
GLOBAL,ELCAUTXX02,S4D1,2027,0.12
GLOBAL,ELCAUTXX02,S4D1,2028,0.12
GLOBAL,ELCAUTXX02,S4D1,2029,0.12
GLOBAL,ELCAUTXX02,S4D1,2030,0.12
GLOBAL,ELCAUTXX02,S4D1,2031,0.12
GLOBAL,ELCAUTXX02,S4D1,2032,0.12
GLOBAL,ELCAUTXX02,S4D1,2033,0.12
GLOBAL,ELCAUTXX02,S4D1,2034,0.12
GLOBAL,ELCAUTXX02,S4D1,2035,0.12
GLOBAL,ELCAUTXX02,S4D1,2036,0.12
GLOBAL,ELCAUTXX02,S4D1,2037,0.12
GLOBAL,ELCAUTXX02,S4D1,2038,0.12
GLOBAL,ELCAUTXX02,S4D1,2039,0.12
GLOBAL,ELCAUTXX02,S4D1,2040,0.12
GLOBAL,ELCAUTXX02,S4D1,2041,0.12
GLOBAL,ELCAUTXX02,S4D1,2042,0.12
GLOBAL,ELCAUTXX02,S4D1,2043,0.12
GLOBAL,ELCAUTXX02,S4D1,2044,0.12
GLOBAL,ELCAUTXX02,S4D1,2045,0.12
GLOBAL,ELCAUTXX02,S4D1,2046,0.12
GLOBAL,ELCAUTXX02,S4D1,2047,0.12
GLOBAL,ELCAUTXX02,S4D1,2048,0.12
GLOBAL,ELCAUTXX02,S4D1,2049,0.12
GLOBAL,ELCAUTXX02,S4D1,2050,0.12
GLOBAL,ELCBELXX02,S4D1,2015,0.12
GLOBAL,ELCBELXX02,S4D1,2016,0.12
GLOBAL,ELCBELXX02,S4D1,2017,0.12
GLOBAL,ELCBELXX02,S4D1,2018,0.12
GLOBAL,ELCBELXX02,S4D1,2019,0.12
GLOBAL,ELCBELXX02,S4D1,2020,0.12
GLOBAL,ELCBELXX02,S4D1,2021,0.12
GLOBAL,ELCBELXX02,S4D1,2022,0.12
GLOBAL,ELCBELXX02,S4D1,2023,0.12
GLOBAL,ELCBELXX02,S4D1,2024,0.12
GLOBAL,ELCBELXX02,S4D1,2025,0.12
GLOBAL,ELCBELXX02,S4D1,2026,0.12
GLOBAL,ELCBELXX02,S4D1,2027,0.12
GLOBAL,ELCBELXX02,S4D1,2028,0.12
GLOBAL,ELCBELXX02,S4D1,2029,0.12
GLOBAL,ELCBELXX02,S4D1,2030,0.12
GLOBAL,ELCBELXX02,S4D1,2031,0.12
GLOBAL,ELCBELXX02,S4D1,2032,0.12
GLOBAL,ELCBELXX02,S4D1,2033,0.12
GLOBAL,ELCBELXX02,S4D1,2034,0.12
GLOBAL,ELCBELXX02,S4D1,2035,0.12
GLOBAL,ELCBELXX02,S4D1,2036,0.12
GLOBAL,ELCBELXX02,S4D1,2037,0.12
GLOBAL,ELCBELXX02,S4D1,2038,0.12
GLOBAL,ELCBELXX02,S4D1,2039,0.12
GLOBAL,ELCBELXX02,S4D1,2040,0.12
GLOBAL,ELCBELXX02,S4D1,2041,0.12
GLOBAL,ELCBELXX02,S4D1,2042,0.12
GLOBAL,ELCBELXX02,S4D1,2043,0.12
GLOBAL,ELCBELXX02,S4D1,2044,0.12
GLOBAL,ELCBELXX02,S4D1,2045,0.12
GLOBAL,ELCBELXX02,S4D1,2046,0.12
GLOBAL,ELCBELXX02,S4D1,2047,0.12
GLOBAL,ELCBELXX02,S4D1,2048,0.12
GLOBAL,ELCBELXX02,S4D1,2049,0.12
GLOBAL,ELCBELXX02,S4D1,2050,0.12
GLOBAL,ELCCHEXX02,S4D1,2015,0.12
GLOBAL,ELCCHEXX02,S4D1,2016,0.12
GLOBAL,ELCCHEXX02,S4D1,2017,0.12
GLOBAL,ELCCHEXX02,S4D1,2018,0.12
GLOBAL,ELCCHEXX02,S4D1,2019,0.12
GLOBAL,ELCCHEXX02,S4D1,2020,0.12
GLOBAL,ELCCHEXX02,S4D1,2021,0.12
GLOBAL,ELCCHEXX02,S4D1,2022,0.12
GLOBAL,ELCCHEXX02,S4D1,2023,0.12
GLOBAL,ELCCHEXX02,S4D1,2024,0.12
GLOBAL,ELCCHEXX02,S4D1,2025,0.12
GLOBAL,ELCCHEXX02,S4D1,2026,0.12
GLOBAL,ELCCHEXX02,S4D1,2027,0.12
GLOBAL,ELCCHEXX02,S4D1,2028,0.12
GLOBAL,ELCCHEXX02,S4D1,2029,0.12
GLOBAL,ELCCHEXX02,S4D1,2030,0.12
GLOBAL,ELCCHEXX02,S4D1,2031,0.12
GLOBAL,ELCCHEXX02,S4D1,2032,0.12
GLOBAL,ELCCHEXX02,S4D1,2033,0.12
GLOBAL,ELCCHEXX02,S4D1,2034,0.12
GLOBAL,ELCCHEXX02,S4D1,2035,0.12
GLOBAL,ELCCHEXX02,S4D1,2036,0.12
GLOBAL,ELCCHEXX02,S4D1,2037,0.12
GLOBAL,ELCCHEXX02,S4D1,2038,0.12
GLOBAL,ELCCHEXX02,S4D1,2039,0.12
GLOBAL,ELCCHEXX02,S4D1,2040,0.12
GLOBAL,ELCCHEXX02,S4D1,2041,0.12
GLOBAL,ELCCHEXX02,S4D1,2042,0.12
GLOBAL,ELCCHEXX02,S4D1,2043,0.12
GLOBAL,ELCCHEXX02,S4D1,2044,0.12
GLOBAL,ELCCHEXX02,S4D1,2045,0.12
GLOBAL,ELCCHEXX02,S4D1,2046,0.12
GLOBAL,ELCCHEXX02,S4D1,2047,0.12
GLOBAL,ELCCHEXX02,S4D1,2048,0.12
GLOBAL,ELCCHEXX02,S4D1,2049,0.12
GLOBAL,ELCCHEXX02,S4D1,2050,0.12
GLOBAL,ELCDEUXX02,S4D1,2015,0.12
GLOBAL,ELCDEUXX02,S4D1,2016,0.12
GLOBAL,ELCDEUXX02,S4D1,2017,0.12
GLOBAL,ELCDEUXX02,S4D1,2018,0.12
GLOBAL,ELCDEUXX02,S4D1,2019,0.12
GLOBAL,ELCDEUXX02,S4D1,2020,0.12
GLOBAL,ELCDEUXX02,S4D1,2021,0.12
GLOBAL,ELCDEUXX02,S4D1,2022,0.12
GLOBAL,ELCDEUXX02,S4D1,2023,0.12
GLOBAL,ELCDEUXX02,S4D1,2024,0.12
GLOBAL,ELCDEUXX02,S4D1,2025,0.12
GLOBAL,ELCDEUXX02,S4D1,2026,0.12
GLOBAL,ELCDEUXX02,S4D1,2027,0.12
GLOBAL,ELCDEUXX02,S4D1,2028,0.12
GLOBAL,ELCDEUXX02,S4D1,2029,0.12
GLOBAL,ELCDEUXX02,S4D1,2030,0.12
GLOBAL,ELCDEUXX02,S4D1,2031,0.12
GLOBAL,ELCDEUXX02,S4D1,2032,0.12
GLOBAL,ELCDEUXX02,S4D1,2033,0.12
GLOBAL,ELCDEUXX02,S4D1,2034,0.12
GLOBAL,ELCDEUXX02,S4D1,2035,0.12
GLOBAL,ELCDEUXX02,S4D1,2036,0.12
GLOBAL,ELCDEUXX02,S4D1,2037,0.12
GLOBAL,ELCDEUXX02,S4D1,2038,0.12
GLOBAL,ELCDEUXX02,S4D1,2039,0.12
GLOBAL,ELCDEUXX02,S4D1,2040,0.12
GLOBAL,ELCDEUXX02,S4D1,2041,0.12
GLOBAL,ELCDEUXX02,S4D1,2042,0.12
GLOBAL,ELCDEUXX02,S4D1,2043,0.12
GLOBAL,ELCDEUXX02,S4D1,2044,0.12
GLOBAL,ELCDEUXX02,S4D1,2045,0.12
GLOBAL,ELCDEUXX02,S4D1,2046,0.12
GLOBAL,ELCDEUXX02,S4D1,2047,0.12
GLOBAL,ELCDEUXX02,S4D1,2048,0.12
GLOBAL,ELCDEUXX02,S4D1,2049,0.12
GLOBAL,ELCDEUXX02,S4D1,2050,0.12
GLOBAL,ELCESPXX02,S4D1,2015,0.11
GLOBAL,ELCESPXX02,S4D1,2016,0.11
GLOBAL,ELCESPXX02,S4D1,2017,0.11
GLOBAL,ELCESPXX02,S4D1,2018,0.11
GLOBAL,ELCESPXX02,S4D1,2019,0.11
GLOBAL,ELCESPXX02,S4D1,2020,0.11
GLOBAL,ELCESPXX02,S4D1,2021,0.11
GLOBAL,ELCESPXX02,S4D1,2022,0.11
GLOBAL,ELCESPXX02,S4D1,2023,0.11
GLOBAL,ELCESPXX02,S4D1,2024,0.11
GLOBAL,ELCESPXX02,S4D1,2025,0.11
GLOBAL,ELCESPXX02,S4D1,2026,0.11
GLOBAL,ELCESPXX02,S4D1,2027,0.11
GLOBAL,ELCESPXX02,S4D1,2028,0.11
GLOBAL,ELCESPXX02,S4D1,2029,0.11
GLOBAL,ELCESPXX02,S4D1,2030,0.11
GLOBAL,ELCESPXX02,S4D1,2031,0.11
GLOBAL,ELCESPXX02,S4D1,2032,0.11
GLOBAL,ELCESPXX02,S4D1,2033,0.11
GLOBAL,ELCESPXX02,S4D1,2034,0.11
GLOBAL,ELCESPXX02,S4D1,2035,0.11
GLOBAL,ELCESPXX02,S4D1,2036,0.11
GLOBAL,ELCESPXX02,S4D1,2037,0.11
GLOBAL,ELCESPXX02,S4D1,2038,0.11
GLOBAL,ELCESPXX02,S4D1,2039,0.11
GLOBAL,ELCESPXX02,S4D1,2040,0.11
GLOBAL,ELCESPXX02,S4D1,2041,0.11
GLOBAL,ELCESPXX02,S4D1,2042,0.11
GLOBAL,ELCESPXX02,S4D1,2043,0.11
GLOBAL,ELCESPXX02,S4D1,2044,0.11
GLOBAL,ELCESPXX02,S4D1,2045,0.11
GLOBAL,ELCESPXX02,S4D1,2046,0.11
GLOBAL,ELCESPXX02,S4D1,2047,0.11
GLOBAL,ELCESPXX02,S4D1,2048,0.11
GLOBAL,ELCESPXX02,S4D1,2049,0.11
GLOBAL,ELCESPXX02,S4D1,2050,0.11
GLOBAL,ELCFRAXX02,S4D1,2015,0.11
GLOBAL,ELCFRAXX02,S4D1,2016,0.11
GLOBAL,ELCFRAXX02,S4D1,2017,0.11
GLOBAL,ELCFRAXX02,S4D1,2018,0.11
GLOBAL,ELCFRAXX02,S4D1,2019,0.11
GLOBAL,ELCFRAXX02,S4D1,2020,0.11
GLOBAL,ELCFRAXX02,S4D1,2021,0.11
GLOBAL,ELCFRAXX02,S4D1,2022,0.11
GLOBAL,ELCFRAXX02,S4D1,2023,0.11
GLOBAL,ELCFRAXX02,S4D1,2024,0.11
GLOBAL,ELCFRAXX02,S4D1,2025,0.11
GLOBAL,ELCFRAXX02,S4D1,2026,0.11
GLOBAL,ELCFRAXX02,S4D1,2027,0.11
GLOBAL,ELCFRAXX02,S4D1,2028,0.11
GLOBAL,ELCFRAXX02,S4D1,2029,0.11
GLOBAL,ELCFRAXX02,S4D1,2030,0.11
GLOBAL,ELCFRAXX02,S4D1,2031,0.11
GLOBAL,ELCFRAXX02,S4D1,2032,0.11
GLOBAL,ELCFRAXX02,S4D1,2033,0.11
GLOBAL,ELCFRAXX02,S4D1,2034,0.11
GLOBAL,ELCFRAXX02,S4D1,2035,0.11
GLOBAL,ELCFRAXX02,S4D1,2036,0.11
GLOBAL,ELCFRAXX02,S4D1,2037,0.11
GLOBAL,ELCFRAXX02,S4D1,2038,0.11
GLOBAL,ELCFRAXX02,S4D1,2039,0.11
GLOBAL,ELCFRAXX02,S4D1,2040,0.11
GLOBAL,ELCFRAXX02,S4D1,2041,0.11
GLOBAL,ELCFRAXX02,S4D1,2042,0.11
GLOBAL,ELCFRAXX02,S4D1,2043,0.11
GLOBAL,ELCFRAXX02,S4D1,2044,0.11
GLOBAL,ELCFRAXX02,S4D1,2045,0.11
GLOBAL,ELCFRAXX02,S4D1,2046,0.11
GLOBAL,ELCFRAXX02,S4D1,2047,0.11
GLOBAL,ELCFRAXX02,S4D1,2048,0.11
GLOBAL,ELCFRAXX02,S4D1,2049,0.11
GLOBAL,ELCFRAXX02,S4D1,2050,0.11
GLOBAL,ELCITAXX02,S4D1,2015,0.11
GLOBAL,ELCITAXX02,S4D1,2016,0.11
GLOBAL,ELCITAXX02,S4D1,2017,0.11
GLOBAL,ELCITAXX02,S4D1,2018,0.11
GLOBAL,ELCITAXX02,S4D1,2019,0.11
GLOBAL,ELCITAXX02,S4D1,2020,0.11
GLOBAL,ELCITAXX02,S4D1,2021,0.11
GLOBAL,ELCITAXX02,S4D1,2022,0.11
GLOBAL,ELCITAXX02,S4D1,2023,0.11
GLOBAL,ELCITAXX02,S4D1,2024,0.11
GLOBAL,ELCITAXX02,S4D1,2025,0.11
GLOBAL,ELCITAXX02,S4D1,2026,0.11
GLOBAL,ELCITAXX02,S4D1,2027,0.11
GLOBAL,ELCITAXX02,S4D1,2028,0.11
GLOBAL,ELCITAXX02,S4D1,2029,0.11
GLOBAL,ELCITAXX02,S4D1,2030,0.11
GLOBAL,ELCITAXX02,S4D1,2031,0.11
GLOBAL,ELCITAXX02,S4D1,2032,0.11
GLOBAL,ELCITAXX02,S4D1,2033,0.11
GLOBAL,ELCITAXX02,S4D1,2034,0.11
GLOBAL,ELCITAXX02,S4D1,2035,0.11
GLOBAL,ELCITAXX02,S4D1,2036,0.11
GLOBAL,ELCITAXX02,S4D1,2037,0.11
GLOBAL,ELCITAXX02,S4D1,2038,0.11
GLOBAL,ELCITAXX02,S4D1,2039,0.11
GLOBAL,ELCITAXX02,S4D1,2040,0.11
GLOBAL,ELCITAXX02,S4D1,2041,0.11
GLOBAL,ELCITAXX02,S4D1,2042,0.11
GLOBAL,ELCITAXX02,S4D1,2043,0.11
GLOBAL,ELCITAXX02,S4D1,2044,0.11
GLOBAL,ELCITAXX02,S4D1,2045,0.11
GLOBAL,ELCITAXX02,S4D1,2046,0.11
GLOBAL,ELCITAXX02,S4D1,2047,0.11
GLOBAL,ELCITAXX02,S4D1,2048,0.11
GLOBAL,ELCITAXX02,S4D1,2049,0.11
GLOBAL,ELCITAXX02,S4D1,2050,0.11
GLOBAL,ELCLUXXX02,S4D1,2015,0.13
GLOBAL,ELCLUXXX02,S4D1,2016,0.13
GLOBAL,ELCLUXXX02,S4D1,2017,0.13
GLOBAL,ELCLUXXX02,S4D1,2018,0.13
GLOBAL,ELCLUXXX02,S4D1,2019,0.13
GLOBAL,ELCLUXXX02,S4D1,2020,0.13
GLOBAL,ELCLUXXX02,S4D1,2021,0.13
GLOBAL,ELCLUXXX02,S4D1,2022,0.13
GLOBAL,ELCLUXXX02,S4D1,2023,0.13
GLOBAL,ELCLUXXX02,S4D1,2024,0.13
GLOBAL,ELCLUXXX02,S4D1,2025,0.13
GLOBAL,ELCLUXXX02,S4D1,2026,0.13
GLOBAL,ELCLUXXX02,S4D1,2027,0.13
GLOBAL,ELCLUXXX02,S4D1,2028,0.13
GLOBAL,ELCLUXXX02,S4D1,2029,0.13
GLOBAL,ELCLUXXX02,S4D1,2030,0.13
GLOBAL,ELCLUXXX02,S4D1,2031,0.13
GLOBAL,ELCLUXXX02,S4D1,2032,0.13
GLOBAL,ELCLUXXX02,S4D1,2033,0.13
GLOBAL,ELCLUXXX02,S4D1,2034,0.13
GLOBAL,ELCLUXXX02,S4D1,2035,0.13
GLOBAL,ELCLUXXX02,S4D1,2036,0.13
GLOBAL,ELCLUXXX02,S4D1,2037,0.13
GLOBAL,ELCLUXXX02,S4D1,2038,0.13
GLOBAL,ELCLUXXX02,S4D1,2039,0.13
GLOBAL,ELCLUXXX02,S4D1,2040,0.13
GLOBAL,ELCLUXXX02,S4D1,2041,0.13
GLOBAL,ELCLUXXX02,S4D1,2042,0.13
GLOBAL,ELCLUXXX02,S4D1,2043,0.13
GLOBAL,ELCLUXXX02,S4D1,2044,0.13
GLOBAL,ELCLUXXX02,S4D1,2045,0.13
GLOBAL,ELCLUXXX02,S4D1,2046,0.13
GLOBAL,ELCLUXXX02,S4D1,2047,0.13
GLOBAL,ELCLUXXX02,S4D1,2048,0.13
GLOBAL,ELCLUXXX02,S4D1,2049,0.13
GLOBAL,ELCLUXXX02,S4D1,2050,0.13
GLOBAL,ELCNLDXX02,S4D1,2015,0.12
GLOBAL,ELCNLDXX02,S4D1,2016,0.12
GLOBAL,ELCNLDXX02,S4D1,2017,0.12
GLOBAL,ELCNLDXX02,S4D1,2018,0.12
GLOBAL,ELCNLDXX02,S4D1,2019,0.12
GLOBAL,ELCNLDXX02,S4D1,2020,0.12
GLOBAL,ELCNLDXX02,S4D1,2021,0.12
GLOBAL,ELCNLDXX02,S4D1,2022,0.12
GLOBAL,ELCNLDXX02,S4D1,2023,0.12
GLOBAL,ELCNLDXX02,S4D1,2024,0.12
GLOBAL,ELCNLDXX02,S4D1,2025,0.12
GLOBAL,ELCNLDXX02,S4D1,2026,0.12
GLOBAL,ELCNLDXX02,S4D1,2027,0.12
GLOBAL,ELCNLDXX02,S4D1,2028,0.12
GLOBAL,ELCNLDXX02,S4D1,2029,0.12
GLOBAL,ELCNLDXX02,S4D1,2030,0.12
GLOBAL,ELCNLDXX02,S4D1,2031,0.12
GLOBAL,ELCNLDXX02,S4D1,2032,0.12
GLOBAL,ELCNLDXX02,S4D1,2033,0.12
GLOBAL,ELCNLDXX02,S4D1,2034,0.12
GLOBAL,ELCNLDXX02,S4D1,2035,0.12
GLOBAL,ELCNLDXX02,S4D1,2036,0.12
GLOBAL,ELCNLDXX02,S4D1,2037,0.12
GLOBAL,ELCNLDXX02,S4D1,2038,0.12
GLOBAL,ELCNLDXX02,S4D1,2039,0.12
GLOBAL,ELCNLDXX02,S4D1,2040,0.12
GLOBAL,ELCNLDXX02,S4D1,2041,0.12
GLOBAL,ELCNLDXX02,S4D1,2042,0.12
GLOBAL,ELCNLDXX02,S4D1,2043,0.12
GLOBAL,ELCNLDXX02,S4D1,2044,0.12
GLOBAL,ELCNLDXX02,S4D1,2045,0.12
GLOBAL,ELCNLDXX02,S4D1,2046,0.12
GLOBAL,ELCNLDXX02,S4D1,2047,0.12
GLOBAL,ELCNLDXX02,S4D1,2048,0.12
GLOBAL,ELCNLDXX02,S4D1,2049,0.12
GLOBAL,ELCNLDXX02,S4D1,2050,0.12
GLOBAL,ELCPRTXX02,S4D1,2015,0.11
GLOBAL,ELCPRTXX02,S4D1,2016,0.11
GLOBAL,ELCPRTXX02,S4D1,2017,0.11
GLOBAL,ELCPRTXX02,S4D1,2018,0.11
GLOBAL,ELCPRTXX02,S4D1,2019,0.11
GLOBAL,ELCPRTXX02,S4D1,2020,0.11
GLOBAL,ELCPRTXX02,S4D1,2021,0.11
GLOBAL,ELCPRTXX02,S4D1,2022,0.11
GLOBAL,ELCPRTXX02,S4D1,2023,0.11
GLOBAL,ELCPRTXX02,S4D1,2024,0.11
GLOBAL,ELCPRTXX02,S4D1,2025,0.11
GLOBAL,ELCPRTXX02,S4D1,2026,0.11
GLOBAL,ELCPRTXX02,S4D1,2027,0.11
GLOBAL,ELCPRTXX02,S4D1,2028,0.11
GLOBAL,ELCPRTXX02,S4D1,2029,0.11
GLOBAL,ELCPRTXX02,S4D1,2030,0.11
GLOBAL,ELCPRTXX02,S4D1,2031,0.11
GLOBAL,ELCPRTXX02,S4D1,2032,0.11
GLOBAL,ELCPRTXX02,S4D1,2033,0.11
GLOBAL,ELCPRTXX02,S4D1,2034,0.11
GLOBAL,ELCPRTXX02,S4D1,2035,0.11
GLOBAL,ELCPRTXX02,S4D1,2036,0.11
GLOBAL,ELCPRTXX02,S4D1,2037,0.11
GLOBAL,ELCPRTXX02,S4D1,2038,0.11
GLOBAL,ELCPRTXX02,S4D1,2039,0.11
GLOBAL,ELCPRTXX02,S4D1,2040,0.11
GLOBAL,ELCPRTXX02,S4D1,2041,0.11
GLOBAL,ELCPRTXX02,S4D1,2042,0.11
GLOBAL,ELCPRTXX02,S4D1,2043,0.11
GLOBAL,ELCPRTXX02,S4D1,2044,0.11
GLOBAL,ELCPRTXX02,S4D1,2045,0.11
GLOBAL,ELCPRTXX02,S4D1,2046,0.11
GLOBAL,ELCPRTXX02,S4D1,2047,0.11
GLOBAL,ELCPRTXX02,S4D1,2048,0.11
GLOBAL,ELCPRTXX02,S4D1,2049,0.11
GLOBAL,ELCPRTXX02,S4D1,2050,0.11
GLOBAL,ELCAUTXX02,S4D2,2015,0.13
GLOBAL,ELCAUTXX02,S4D2,2016,0.13
GLOBAL,ELCAUTXX02,S4D2,2017,0.13
GLOBAL,ELCAUTXX02,S4D2,2018,0.13
GLOBAL,ELCAUTXX02,S4D2,2019,0.13
GLOBAL,ELCAUTXX02,S4D2,2020,0.13
GLOBAL,ELCAUTXX02,S4D2,2021,0.13
GLOBAL,ELCAUTXX02,S4D2,2022,0.13
GLOBAL,ELCAUTXX02,S4D2,2023,0.13
GLOBAL,ELCAUTXX02,S4D2,2024,0.13
GLOBAL,ELCAUTXX02,S4D2,2025,0.13
GLOBAL,ELCAUTXX02,S4D2,2026,0.13
GLOBAL,ELCAUTXX02,S4D2,2027,0.13
GLOBAL,ELCAUTXX02,S4D2,2028,0.13
GLOBAL,ELCAUTXX02,S4D2,2029,0.13
GLOBAL,ELCAUTXX02,S4D2,2030,0.13
GLOBAL,ELCAUTXX02,S4D2,2031,0.13
GLOBAL,ELCAUTXX02,S4D2,2032,0.13
GLOBAL,ELCAUTXX02,S4D2,2033,0.13
GLOBAL,ELCAUTXX02,S4D2,2034,0.13
GLOBAL,ELCAUTXX02,S4D2,2035,0.13
GLOBAL,ELCAUTXX02,S4D2,2036,0.13
GLOBAL,ELCAUTXX02,S4D2,2037,0.13
GLOBAL,ELCAUTXX02,S4D2,2038,0.13
GLOBAL,ELCAUTXX02,S4D2,2039,0.13
GLOBAL,ELCAUTXX02,S4D2,2040,0.13
GLOBAL,ELCAUTXX02,S4D2,2041,0.13
GLOBAL,ELCAUTXX02,S4D2,2042,0.13
GLOBAL,ELCAUTXX02,S4D2,2043,0.13
GLOBAL,ELCAUTXX02,S4D2,2044,0.13
GLOBAL,ELCAUTXX02,S4D2,2045,0.13
GLOBAL,ELCAUTXX02,S4D2,2046,0.13
GLOBAL,ELCAUTXX02,S4D2,2047,0.13
GLOBAL,ELCAUTXX02,S4D2,2048,0.13
GLOBAL,ELCAUTXX02,S4D2,2049,0.13
GLOBAL,ELCAUTXX02,S4D2,2050,0.13
GLOBAL,ELCBELXX02,S4D2,2015,0.13
GLOBAL,ELCBELXX02,S4D2,2016,0.13
GLOBAL,ELCBELXX02,S4D2,2017,0.13
GLOBAL,ELCBELXX02,S4D2,2018,0.13
GLOBAL,ELCBELXX02,S4D2,2019,0.13
GLOBAL,ELCBELXX02,S4D2,2020,0.13
GLOBAL,ELCBELXX02,S4D2,2021,0.13
GLOBAL,ELCBELXX02,S4D2,2022,0.13
GLOBAL,ELCBELXX02,S4D2,2023,0.13
GLOBAL,ELCBELXX02,S4D2,2024,0.13
GLOBAL,ELCBELXX02,S4D2,2025,0.13
GLOBAL,ELCBELXX02,S4D2,2026,0.13
GLOBAL,ELCBELXX02,S4D2,2027,0.13
GLOBAL,ELCBELXX02,S4D2,2028,0.13
GLOBAL,ELCBELXX02,S4D2,2029,0.13
GLOBAL,ELCBELXX02,S4D2,2030,0.13
GLOBAL,ELCBELXX02,S4D2,2031,0.13
GLOBAL,ELCBELXX02,S4D2,2032,0.13
GLOBAL,ELCBELXX02,S4D2,2033,0.13
GLOBAL,ELCBELXX02,S4D2,2034,0.13
GLOBAL,ELCBELXX02,S4D2,2035,0.13
GLOBAL,ELCBELXX02,S4D2,2036,0.13
GLOBAL,ELCBELXX02,S4D2,2037,0.13
GLOBAL,ELCBELXX02,S4D2,2038,0.13
GLOBAL,ELCBELXX02,S4D2,2039,0.13
GLOBAL,ELCBELXX02,S4D2,2040,0.13
GLOBAL,ELCBELXX02,S4D2,2041,0.13
GLOBAL,ELCBELXX02,S4D2,2042,0.13
GLOBAL,ELCBELXX02,S4D2,2043,0.13
GLOBAL,ELCBELXX02,S4D2,2044,0.13
GLOBAL,ELCBELXX02,S4D2,2045,0.13
GLOBAL,ELCBELXX02,S4D2,2046,0.13
GLOBAL,ELCBELXX02,S4D2,2047,0.13
GLOBAL,ELCBELXX02,S4D2,2048,0.13
GLOBAL,ELCBELXX02,S4D2,2049,0.13
GLOBAL,ELCBELXX02,S4D2,2050,0.13
GLOBAL,ELCCHEXX02,S4D2,2015,0.13
GLOBAL,ELCCHEXX02,S4D2,2016,0.13
GLOBAL,ELCCHEXX02,S4D2,2017,0.13
GLOBAL,ELCCHEXX02,S4D2,2018,0.13
GLOBAL,ELCCHEXX02,S4D2,2019,0.13
GLOBAL,ELCCHEXX02,S4D2,2020,0.13
GLOBAL,ELCCHEXX02,S4D2,2021,0.13
GLOBAL,ELCCHEXX02,S4D2,2022,0.13
GLOBAL,ELCCHEXX02,S4D2,2023,0.13
GLOBAL,ELCCHEXX02,S4D2,2024,0.13
GLOBAL,ELCCHEXX02,S4D2,2025,0.13
GLOBAL,ELCCHEXX02,S4D2,2026,0.13
GLOBAL,ELCCHEXX02,S4D2,2027,0.13
GLOBAL,ELCCHEXX02,S4D2,2028,0.13
GLOBAL,ELCCHEXX02,S4D2,2029,0.13
GLOBAL,ELCCHEXX02,S4D2,2030,0.13
GLOBAL,ELCCHEXX02,S4D2,2031,0.13
GLOBAL,ELCCHEXX02,S4D2,2032,0.13
GLOBAL,ELCCHEXX02,S4D2,2033,0.13
GLOBAL,ELCCHEXX02,S4D2,2034,0.13
GLOBAL,ELCCHEXX02,S4D2,2035,0.13
GLOBAL,ELCCHEXX02,S4D2,2036,0.13
GLOBAL,ELCCHEXX02,S4D2,2037,0.13
GLOBAL,ELCCHEXX02,S4D2,2038,0.13
GLOBAL,ELCCHEXX02,S4D2,2039,0.13
GLOBAL,ELCCHEXX02,S4D2,2040,0.13
GLOBAL,ELCCHEXX02,S4D2,2041,0.13
GLOBAL,ELCCHEXX02,S4D2,2042,0.13
GLOBAL,ELCCHEXX02,S4D2,2043,0.13
GLOBAL,ELCCHEXX02,S4D2,2044,0.13
GLOBAL,ELCCHEXX02,S4D2,2045,0.13
GLOBAL,ELCCHEXX02,S4D2,2046,0.13
GLOBAL,ELCCHEXX02,S4D2,2047,0.13
GLOBAL,ELCCHEXX02,S4D2,2048,0.13
GLOBAL,ELCCHEXX02,S4D2,2049,0.13
GLOBAL,ELCCHEXX02,S4D2,2050,0.13
GLOBAL,ELCDEUXX02,S4D2,2015,0.13
GLOBAL,ELCDEUXX02,S4D2,2016,0.13
GLOBAL,ELCDEUXX02,S4D2,2017,0.13
GLOBAL,ELCDEUXX02,S4D2,2018,0.13
GLOBAL,ELCDEUXX02,S4D2,2019,0.13
GLOBAL,ELCDEUXX02,S4D2,2020,0.13
GLOBAL,ELCDEUXX02,S4D2,2021,0.13
GLOBAL,ELCDEUXX02,S4D2,2022,0.13
GLOBAL,ELCDEUXX02,S4D2,2023,0.13
GLOBAL,ELCDEUXX02,S4D2,2024,0.13
GLOBAL,ELCDEUXX02,S4D2,2025,0.13
GLOBAL,ELCDEUXX02,S4D2,2026,0.13
GLOBAL,ELCDEUXX02,S4D2,2027,0.13
GLOBAL,ELCDEUXX02,S4D2,2028,0.13
GLOBAL,ELCDEUXX02,S4D2,2029,0.13
GLOBAL,ELCDEUXX02,S4D2,2030,0.13
GLOBAL,ELCDEUXX02,S4D2,2031,0.13
GLOBAL,ELCDEUXX02,S4D2,2032,0.13
GLOBAL,ELCDEUXX02,S4D2,2033,0.13
GLOBAL,ELCDEUXX02,S4D2,2034,0.13
GLOBAL,ELCDEUXX02,S4D2,2035,0.13
GLOBAL,ELCDEUXX02,S4D2,2036,0.13
GLOBAL,ELCDEUXX02,S4D2,2037,0.13
GLOBAL,ELCDEUXX02,S4D2,2038,0.13
GLOBAL,ELCDEUXX02,S4D2,2039,0.13
GLOBAL,ELCDEUXX02,S4D2,2040,0.13
GLOBAL,ELCDEUXX02,S4D2,2041,0.13
GLOBAL,ELCDEUXX02,S4D2,2042,0.13
GLOBAL,ELCDEUXX02,S4D2,2043,0.13
GLOBAL,ELCDEUXX02,S4D2,2044,0.13
GLOBAL,ELCDEUXX02,S4D2,2045,0.13
GLOBAL,ELCDEUXX02,S4D2,2046,0.13
GLOBAL,ELCDEUXX02,S4D2,2047,0.13
GLOBAL,ELCDEUXX02,S4D2,2048,0.13
GLOBAL,ELCDEUXX02,S4D2,2049,0.13
GLOBAL,ELCDEUXX02,S4D2,2050,0.13
GLOBAL,ELCESPXX02,S4D2,2015,0.13
GLOBAL,ELCESPXX02,S4D2,2016,0.13
GLOBAL,ELCESPXX02,S4D2,2017,0.13
GLOBAL,ELCESPXX02,S4D2,2018,0.13
GLOBAL,ELCESPXX02,S4D2,2019,0.13
GLOBAL,ELCESPXX02,S4D2,2020,0.13
GLOBAL,ELCESPXX02,S4D2,2021,0.13
GLOBAL,ELCESPXX02,S4D2,2022,0.13
GLOBAL,ELCESPXX02,S4D2,2023,0.13
GLOBAL,ELCESPXX02,S4D2,2024,0.13
GLOBAL,ELCESPXX02,S4D2,2025,0.13
GLOBAL,ELCESPXX02,S4D2,2026,0.13
GLOBAL,ELCESPXX02,S4D2,2027,0.13
GLOBAL,ELCESPXX02,S4D2,2028,0.13
GLOBAL,ELCESPXX02,S4D2,2029,0.13
GLOBAL,ELCESPXX02,S4D2,2030,0.13
GLOBAL,ELCESPXX02,S4D2,2031,0.13
GLOBAL,ELCESPXX02,S4D2,2032,0.13
GLOBAL,ELCESPXX02,S4D2,2033,0.13
GLOBAL,ELCESPXX02,S4D2,2034,0.13
GLOBAL,ELCESPXX02,S4D2,2035,0.13
GLOBAL,ELCESPXX02,S4D2,2036,0.13
GLOBAL,ELCESPXX02,S4D2,2037,0.13
GLOBAL,ELCESPXX02,S4D2,2038,0.13
GLOBAL,ELCESPXX02,S4D2,2039,0.13
GLOBAL,ELCESPXX02,S4D2,2040,0.13
GLOBAL,ELCESPXX02,S4D2,2041,0.13
GLOBAL,ELCESPXX02,S4D2,2042,0.13
GLOBAL,ELCESPXX02,S4D2,2043,0.13
GLOBAL,ELCESPXX02,S4D2,2044,0.13
GLOBAL,ELCESPXX02,S4D2,2045,0.13
GLOBAL,ELCESPXX02,S4D2,2046,0.13
GLOBAL,ELCESPXX02,S4D2,2047,0.13
GLOBAL,ELCESPXX02,S4D2,2048,0.13
GLOBAL,ELCESPXX02,S4D2,2049,0.13
GLOBAL,ELCESPXX02,S4D2,2050,0.13
GLOBAL,ELCFRAXX02,S4D2,2015,0.13
GLOBAL,ELCFRAXX02,S4D2,2016,0.13
GLOBAL,ELCFRAXX02,S4D2,2017,0.13
GLOBAL,ELCFRAXX02,S4D2,2018,0.13
GLOBAL,ELCFRAXX02,S4D2,2019,0.13
GLOBAL,ELCFRAXX02,S4D2,2020,0.13
GLOBAL,ELCFRAXX02,S4D2,2021,0.13
GLOBAL,ELCFRAXX02,S4D2,2022,0.13
GLOBAL,ELCFRAXX02,S4D2,2023,0.13
GLOBAL,ELCFRAXX02,S4D2,2024,0.13
GLOBAL,ELCFRAXX02,S4D2,2025,0.13
GLOBAL,ELCFRAXX02,S4D2,2026,0.13
GLOBAL,ELCFRAXX02,S4D2,2027,0.13
GLOBAL,ELCFRAXX02,S4D2,2028,0.13
GLOBAL,ELCFRAXX02,S4D2,2029,0.13
GLOBAL,ELCFRAXX02,S4D2,2030,0.13
GLOBAL,ELCFRAXX02,S4D2,2031,0.13
GLOBAL,ELCFRAXX02,S4D2,2032,0.13
GLOBAL,ELCFRAXX02,S4D2,2033,0.13
GLOBAL,ELCFRAXX02,S4D2,2034,0.13
GLOBAL,ELCFRAXX02,S4D2,2035,0.13
GLOBAL,ELCFRAXX02,S4D2,2036,0.13
GLOBAL,ELCFRAXX02,S4D2,2037,0.13
GLOBAL,ELCFRAXX02,S4D2,2038,0.13
GLOBAL,ELCFRAXX02,S4D2,2039,0.13
GLOBAL,ELCFRAXX02,S4D2,2040,0.13
GLOBAL,ELCFRAXX02,S4D2,2041,0.13
GLOBAL,ELCFRAXX02,S4D2,2042,0.13
GLOBAL,ELCFRAXX02,S4D2,2043,0.13
GLOBAL,ELCFRAXX02,S4D2,2044,0.13
GLOBAL,ELCFRAXX02,S4D2,2045,0.13
GLOBAL,ELCFRAXX02,S4D2,2046,0.13
GLOBAL,ELCFRAXX02,S4D2,2047,0.13
GLOBAL,ELCFRAXX02,S4D2,2048,0.13
GLOBAL,ELCFRAXX02,S4D2,2049,0.13
GLOBAL,ELCFRAXX02,S4D2,2050,0.13
GLOBAL,ELCITAXX02,S4D2,2015,0.14
GLOBAL,ELCITAXX02,S4D2,2016,0.14
GLOBAL,ELCITAXX02,S4D2,2017,0.14
GLOBAL,ELCITAXX02,S4D2,2018,0.14
GLOBAL,ELCITAXX02,S4D2,2019,0.14
GLOBAL,ELCITAXX02,S4D2,2020,0.14
GLOBAL,ELCITAXX02,S4D2,2021,0.14
GLOBAL,ELCITAXX02,S4D2,2022,0.14
GLOBAL,ELCITAXX02,S4D2,2023,0.14
GLOBAL,ELCITAXX02,S4D2,2024,0.14
GLOBAL,ELCITAXX02,S4D2,2025,0.14
GLOBAL,ELCITAXX02,S4D2,2026,0.14
GLOBAL,ELCITAXX02,S4D2,2027,0.14
GLOBAL,ELCITAXX02,S4D2,2028,0.14
GLOBAL,ELCITAXX02,S4D2,2029,0.14
GLOBAL,ELCITAXX02,S4D2,2030,0.14
GLOBAL,ELCITAXX02,S4D2,2031,0.14
GLOBAL,ELCITAXX02,S4D2,2032,0.14
GLOBAL,ELCITAXX02,S4D2,2033,0.14
GLOBAL,ELCITAXX02,S4D2,2034,0.14
GLOBAL,ELCITAXX02,S4D2,2035,0.14
GLOBAL,ELCITAXX02,S4D2,2036,0.14
GLOBAL,ELCITAXX02,S4D2,2037,0.14
GLOBAL,ELCITAXX02,S4D2,2038,0.14
GLOBAL,ELCITAXX02,S4D2,2039,0.14
GLOBAL,ELCITAXX02,S4D2,2040,0.14
GLOBAL,ELCITAXX02,S4D2,2041,0.14
GLOBAL,ELCITAXX02,S4D2,2042,0.14
GLOBAL,ELCITAXX02,S4D2,2043,0.14
GLOBAL,ELCITAXX02,S4D2,2044,0.14
GLOBAL,ELCITAXX02,S4D2,2045,0.14
GLOBAL,ELCITAXX02,S4D2,2046,0.14
GLOBAL,ELCITAXX02,S4D2,2047,0.14
GLOBAL,ELCITAXX02,S4D2,2048,0.14
GLOBAL,ELCITAXX02,S4D2,2049,0.14
GLOBAL,ELCITAXX02,S4D2,2050,0.14
GLOBAL,ELCLUXXX02,S4D2,2015,0.13
GLOBAL,ELCLUXXX02,S4D2,2016,0.13
GLOBAL,ELCLUXXX02,S4D2,2017,0.13
GLOBAL,ELCLUXXX02,S4D2,2018,0.13
GLOBAL,ELCLUXXX02,S4D2,2019,0.13
GLOBAL,ELCLUXXX02,S4D2,2020,0.13
GLOBAL,ELCLUXXX02,S4D2,2021,0.13
GLOBAL,ELCLUXXX02,S4D2,2022,0.13
GLOBAL,ELCLUXXX02,S4D2,2023,0.13
GLOBAL,ELCLUXXX02,S4D2,2024,0.13
GLOBAL,ELCLUXXX02,S4D2,2025,0.13
GLOBAL,ELCLUXXX02,S4D2,2026,0.13
GLOBAL,ELCLUXXX02,S4D2,2027,0.13
GLOBAL,ELCLUXXX02,S4D2,2028,0.13
GLOBAL,ELCLUXXX02,S4D2,2029,0.13
GLOBAL,ELCLUXXX02,S4D2,2030,0.13
GLOBAL,ELCLUXXX02,S4D2,2031,0.13
GLOBAL,ELCLUXXX02,S4D2,2032,0.13
GLOBAL,ELCLUXXX02,S4D2,2033,0.13
GLOBAL,ELCLUXXX02,S4D2,2034,0.13
GLOBAL,ELCLUXXX02,S4D2,2035,0.13
GLOBAL,ELCLUXXX02,S4D2,2036,0.13
GLOBAL,ELCLUXXX02,S4D2,2037,0.13
GLOBAL,ELCLUXXX02,S4D2,2038,0.13
GLOBAL,ELCLUXXX02,S4D2,2039,0.13
GLOBAL,ELCLUXXX02,S4D2,2040,0.13
GLOBAL,ELCLUXXX02,S4D2,2041,0.13
GLOBAL,ELCLUXXX02,S4D2,2042,0.13
GLOBAL,ELCLUXXX02,S4D2,2043,0.13
GLOBAL,ELCLUXXX02,S4D2,2044,0.13
GLOBAL,ELCLUXXX02,S4D2,2045,0.13
GLOBAL,ELCLUXXX02,S4D2,2046,0.13
GLOBAL,ELCLUXXX02,S4D2,2047,0.13
GLOBAL,ELCLUXXX02,S4D2,2048,0.13
GLOBAL,ELCLUXXX02,S4D2,2049,0.13
GLOBAL,ELCLUXXX02,S4D2,2050,0.13
GLOBAL,ELCNLDXX02,S4D2,2015,0.14
GLOBAL,ELCNLDXX02,S4D2,2016,0.14
GLOBAL,ELCNLDXX02,S4D2,2017,0.14
GLOBAL,ELCNLDXX02,S4D2,2018,0.14
GLOBAL,ELCNLDXX02,S4D2,2019,0.14
GLOBAL,ELCNLDXX02,S4D2,2020,0.14
GLOBAL,ELCNLDXX02,S4D2,2021,0.14
GLOBAL,ELCNLDXX02,S4D2,2022,0.14
GLOBAL,ELCNLDXX02,S4D2,2023,0.14
GLOBAL,ELCNLDXX02,S4D2,2024,0.14
GLOBAL,ELCNLDXX02,S4D2,2025,0.14
GLOBAL,ELCNLDXX02,S4D2,2026,0.14
GLOBAL,ELCNLDXX02,S4D2,2027,0.14
GLOBAL,ELCNLDXX02,S4D2,2028,0.14
GLOBAL,ELCNLDXX02,S4D2,2029,0.14
GLOBAL,ELCNLDXX02,S4D2,2030,0.14
GLOBAL,ELCNLDXX02,S4D2,2031,0.14
GLOBAL,ELCNLDXX02,S4D2,2032,0.14
GLOBAL,ELCNLDXX02,S4D2,2033,0.14
GLOBAL,ELCNLDXX02,S4D2,2034,0.14
GLOBAL,ELCNLDXX02,S4D2,2035,0.14
GLOBAL,ELCNLDXX02,S4D2,2036,0.14
GLOBAL,ELCNLDXX02,S4D2,2037,0.14
GLOBAL,ELCNLDXX02,S4D2,2038,0.14
GLOBAL,ELCNLDXX02,S4D2,2039,0.14
GLOBAL,ELCNLDXX02,S4D2,2040,0.14
GLOBAL,ELCNLDXX02,S4D2,2041,0.14
GLOBAL,ELCNLDXX02,S4D2,2042,0.14
GLOBAL,ELCNLDXX02,S4D2,2043,0.14
GLOBAL,ELCNLDXX02,S4D2,2044,0.14
GLOBAL,ELCNLDXX02,S4D2,2045,0.14
GLOBAL,ELCNLDXX02,S4D2,2046,0.14
GLOBAL,ELCNLDXX02,S4D2,2047,0.14
GLOBAL,ELCNLDXX02,S4D2,2048,0.14
GLOBAL,ELCNLDXX02,S4D2,2049,0.14
GLOBAL,ELCNLDXX02,S4D2,2050,0.14
GLOBAL,ELCPRTXX02,S4D2,2015,0.13
GLOBAL,ELCPRTXX02,S4D2,2016,0.13
GLOBAL,ELCPRTXX02,S4D2,2017,0.13
GLOBAL,ELCPRTXX02,S4D2,2018,0.13
GLOBAL,ELCPRTXX02,S4D2,2019,0.13
GLOBAL,ELCPRTXX02,S4D2,2020,0.13
GLOBAL,ELCPRTXX02,S4D2,2021,0.13
GLOBAL,ELCPRTXX02,S4D2,2022,0.13
GLOBAL,ELCPRTXX02,S4D2,2023,0.13
GLOBAL,ELCPRTXX02,S4D2,2024,0.13
GLOBAL,ELCPRTXX02,S4D2,2025,0.13
GLOBAL,ELCPRTXX02,S4D2,2026,0.13
GLOBAL,ELCPRTXX02,S4D2,2027,0.13
GLOBAL,ELCPRTXX02,S4D2,2028,0.13
GLOBAL,ELCPRTXX02,S4D2,2029,0.13
GLOBAL,ELCPRTXX02,S4D2,2030,0.13
GLOBAL,ELCPRTXX02,S4D2,2031,0.13
GLOBAL,ELCPRTXX02,S4D2,2032,0.13
GLOBAL,ELCPRTXX02,S4D2,2033,0.13
GLOBAL,ELCPRTXX02,S4D2,2034,0.13
GLOBAL,ELCPRTXX02,S4D2,2035,0.13
GLOBAL,ELCPRTXX02,S4D2,2036,0.13
GLOBAL,ELCPRTXX02,S4D2,2037,0.13
GLOBAL,ELCPRTXX02,S4D2,2038,0.13
GLOBAL,ELCPRTXX02,S4D2,2039,0.13
GLOBAL,ELCPRTXX02,S4D2,2040,0.13
GLOBAL,ELCPRTXX02,S4D2,2041,0.13
GLOBAL,ELCPRTXX02,S4D2,2042,0.13
GLOBAL,ELCPRTXX02,S4D2,2043,0.13
GLOBAL,ELCPRTXX02,S4D2,2044,0.13
GLOBAL,ELCPRTXX02,S4D2,2045,0.13
GLOBAL,ELCPRTXX02,S4D2,2046,0.13
GLOBAL,ELCPRTXX02,S4D2,2047,0.13
GLOBAL,ELCPRTXX02,S4D2,2048,0.13
GLOBAL,ELCPRTXX02,S4D2,2049,0.13
GLOBAL,ELCPRTXX02,S4D2,2050,0.13
