REGION,TECHNOLOGY,YEAR,VALUE
GLOBAL,PWRHYDAUTXX01,2021,13.8732
GLOBAL,PWRHYDAUTXX01,2022,13.8732
GLOBAL,PWRHYDAUTXX01,2023,13.8732
GLOBAL,PWRHYDAUTXX01,2024,13.8732
GLOBAL,PWRHYDAUTXX01,2025,13.8732
GLOBAL,PWRHYDAUTXX01,2026,13.8732
GLOBAL,PWRHYDAUTXX01,2027,13.8732
GLOBAL,PWRHYDAUTXX01,2028,13.8732
GLOBAL,PWRHYDAUTXX01,2029,13.8732
GLOBAL,PWRHYDAUTXX01,2030,13.8732
GLOBAL,PWRHYDAUTXX01,2031,13.8732
GLOBAL,PWRHYDAUTXX01,2032,13.8732
GLOBAL,PWRHYDAUTXX01,2033,13.8732
GLOBAL,PWRHYDAUTXX01,2034,13.8732
GLOBAL,PWRHYDAUTXX01,2035,13.8732
GLOBAL,PWRHYDAUTXX01,2036,13.8732
GLOBAL,PWRHYDAUTXX01,2037,13.8732
GLOBAL,PWRHYDAUTXX01,2038,13.8732
GLOBAL,PWRHYDAUTXX01,2039,13.8732
GLOBAL,PWRHYDAUTXX01,2040,13.8732
GLOBAL,PWRHYDAUTXX01,2041,13.8732
GLOBAL,PWRHYDAUTXX01,2042,13.8732
GLOBAL,PWRHYDAUTXX01,2043,13.8732
GLOBAL,PWRHYDAUTXX01,2044,13.8732
GLOBAL,PWRHYDAUTXX01,2045,13.8732
GLOBAL,PWRHYDAUTXX01,2046,13.8732
GLOBAL,PWRHYDAUTXX01,2047,13.8732
GLOBAL,PWRHYDAUTXX01,2048,13.8732
GLOBAL,PWRHYDAUTXX01,2049,13.8732
GLOBAL,PWRHYDAUTXX01,2050,13.8732
GLOBAL,PWRHYDBELXX01,2021,1.9942
GLOBAL,PWRHYDBELXX01,2022,1.9942
GLOBAL,PWRHYDBELXX01,2023,1.9942
GLOBAL,PWRHYDBELXX01,2024,1.9942
GLOBAL,PWRHYDBELXX01,2025,1.9942
GLOBAL,PWRHYDBELXX01,2026,1.9942
GLOBAL,PWRHYDBELXX01,2027,1.9942
GLOBAL,PWRHYDBELXX01,2028,1.9942
GLOBAL,PWRHYDBELXX01,2029,1.9942
GLOBAL,PWRHYDBELXX01,2030,1.9942
GLOBAL,PWRHYDBELXX01,2031,1.9942
GLOBAL,PWRHYDBELXX01,2032,1.9942
GLOBAL,PWRHYDBELXX01,2033,1.9942
GLOBAL,PWRHYDBELXX01,2034,1.9942
GLOBAL,PWRHYDBELXX01,2035,1.9942
GLOBAL,PWRHYDBELXX01,2036,1.9942
GLOBAL,PWRHYDBELXX01,2037,1.9942
GLOBAL,PWRHYDBELXX01,2038,1.9942
GLOBAL,PWRHYDBELXX01,2039,1.9942
GLOBAL,PWRHYDBELXX01,2040,1.9942
GLOBAL,PWRHYDBELXX01,2041,1.9942
GLOBAL,PWRHYDBELXX01,2042,1.9942
GLOBAL,PWRHYDBELXX01,2043,1.9942
GLOBAL,PWRHYDBELXX01,2044,1.9942
GLOBAL,PWRHYDBELXX01,2045,1.9942
GLOBAL,PWRHYDBELXX01,2046,1.9942
GLOBAL,PWRHYDBELXX01,2047,1.9942
GLOBAL,PWRHYDBELXX01,2048,1.9942
GLOBAL,PWRHYDBELXX01,2049,1.9942
GLOBAL,PWRHYDBELXX01,2050,1.9942
GLOBAL,PWRHYDCHEXX01,2021,16.569399999999998
GLOBAL,PWRHYDCHEXX01,2022,16.569399999999998
GLOBAL,PWRHYDCHEXX01,2023,16.569399999999998
GLOBAL,PWRHYDCHEXX01,2024,16.569399999999998
GLOBAL,PWRHYDCHEXX01,2025,16.569399999999998
GLOBAL,PWRHYDCHEXX01,2026,16.569399999999998
GLOBAL,PWRHYDCHEXX01,2027,16.569399999999998
GLOBAL,PWRHYDCHEXX01,2028,16.569399999999998
GLOBAL,PWRHYDCHEXX01,2029,16.569399999999998
GLOBAL,PWRHYDCHEXX01,2030,16.569399999999998
GLOBAL,PWRHYDCHEXX01,2031,16.569399999999998
GLOBAL,PWRHYDCHEXX01,2032,16.569399999999998
GLOBAL,PWRHYDCHEXX01,2033,16.569399999999998
GLOBAL,PWRHYDCHEXX01,2034,16.569399999999998
GLOBAL,PWRHYDCHEXX01,2035,16.569399999999998
GLOBAL,PWRHYDCHEXX01,2036,16.569399999999998
GLOBAL,PWRHYDCHEXX01,2037,16.569399999999998
GLOBAL,PWRHYDCHEXX01,2038,16.569399999999998
GLOBAL,PWRHYDCHEXX01,2039,16.569399999999998
GLOBAL,PWRHYDCHEXX01,2040,16.569399999999998
GLOBAL,PWRHYDCHEXX01,2041,16.569399999999998
GLOBAL,PWRHYDCHEXX01,2042,16.569399999999998
GLOBAL,PWRHYDCHEXX01,2043,16.569399999999998
GLOBAL,PWRHYDCHEXX01,2044,16.569399999999998
GLOBAL,PWRHYDCHEXX01,2045,16.569399999999998
GLOBAL,PWRHYDCHEXX01,2046,16.569399999999998
GLOBAL,PWRHYDCHEXX01,2047,16.569399999999998
GLOBAL,PWRHYDCHEXX01,2048,16.569399999999998
GLOBAL,PWRHYDCHEXX01,2049,16.569399999999998
GLOBAL,PWRHYDCHEXX01,2050,16.569399999999998
GLOBAL,PWRHYDDEUXX01,2021,15.7842
GLOBAL,PWRHYDDEUXX01,2022,15.7842
GLOBAL,PWRHYDDEUXX01,2023,15.7842
GLOBAL,PWRHYDDEUXX01,2024,15.7842
GLOBAL,PWRHYDDEUXX01,2025,15.7842
GLOBAL,PWRHYDDEUXX01,2026,15.7842
GLOBAL,PWRHYDDEUXX01,2027,15.7842
GLOBAL,PWRHYDDEUXX01,2028,15.7842
GLOBAL,PWRHYDDEUXX01,2029,15.7842
GLOBAL,PWRHYDDEUXX01,2030,15.7842
GLOBAL,PWRHYDDEUXX01,2031,15.7842
GLOBAL,PWRHYDDEUXX01,2032,15.7842
GLOBAL,PWRHYDDEUXX01,2033,15.7842
GLOBAL,PWRHYDDEUXX01,2034,15.7842
GLOBAL,PWRHYDDEUXX01,2035,15.7842
GLOBAL,PWRHYDDEUXX01,2036,15.7842
GLOBAL,PWRHYDDEUXX01,2037,15.7842
GLOBAL,PWRHYDDEUXX01,2038,15.7842
GLOBAL,PWRHYDDEUXX01,2039,15.7842
GLOBAL,PWRHYDDEUXX01,2040,15.7842
GLOBAL,PWRHYDDEUXX01,2041,15.7842
GLOBAL,PWRHYDDEUXX01,2042,15.7842
GLOBAL,PWRHYDDEUXX01,2043,15.7842
GLOBAL,PWRHYDDEUXX01,2044,15.7842
GLOBAL,PWRHYDDEUXX01,2045,15.7842
GLOBAL,PWRHYDDEUXX01,2046,15.7842
GLOBAL,PWRHYDDEUXX01,2047,15.7842
GLOBAL,PWRHYDDEUXX01,2048,15.7842
GLOBAL,PWRHYDDEUXX01,2049,15.7842
GLOBAL,PWRHYDDEUXX01,2050,15.7842
GLOBAL,PWRHYDESPXX01,2021,20.6652
GLOBAL,PWRHYDESPXX01,2022,20.6652
GLOBAL,PWRHYDESPXX01,2023,20.6652
GLOBAL,PWRHYDESPXX01,2024,20.6652
GLOBAL,PWRHYDESPXX01,2025,20.6652
GLOBAL,PWRHYDESPXX01,2026,20.6652
GLOBAL,PWRHYDESPXX01,2027,20.6652
GLOBAL,PWRHYDESPXX01,2028,20.6652
GLOBAL,PWRHYDESPXX01,2029,20.6652
GLOBAL,PWRHYDESPXX01,2030,20.6652
GLOBAL,PWRHYDESPXX01,2031,20.6652
GLOBAL,PWRHYDESPXX01,2032,20.6652
GLOBAL,PWRHYDESPXX01,2033,20.6652
GLOBAL,PWRHYDESPXX01,2034,20.6652
GLOBAL,PWRHYDESPXX01,2035,20.6652
GLOBAL,PWRHYDESPXX01,2036,20.6652
GLOBAL,PWRHYDESPXX01,2037,20.6652
GLOBAL,PWRHYDESPXX01,2038,20.6652
GLOBAL,PWRHYDESPXX01,2039,20.6652
GLOBAL,PWRHYDESPXX01,2040,20.6652
GLOBAL,PWRHYDESPXX01,2041,20.6652
GLOBAL,PWRHYDESPXX01,2042,20.6652
GLOBAL,PWRHYDESPXX01,2043,20.6652
GLOBAL,PWRHYDESPXX01,2044,20.6652
GLOBAL,PWRHYDESPXX01,2045,20.6652
GLOBAL,PWRHYDESPXX01,2046,20.6652
GLOBAL,PWRHYDESPXX01,2047,20.6652
GLOBAL,PWRHYDESPXX01,2048,20.6652
GLOBAL,PWRHYDESPXX01,2049,20.6652
GLOBAL,PWRHYDESPXX01,2050,20.6652
GLOBAL,PWRHYDFRAXX01,2021,33.5022
GLOBAL,PWRHYDFRAXX01,2022,33.5022
GLOBAL,PWRHYDFRAXX01,2023,33.5022
GLOBAL,PWRHYDFRAXX01,2024,33.5022
GLOBAL,PWRHYDFRAXX01,2025,33.5022
GLOBAL,PWRHYDFRAXX01,2026,33.5022
GLOBAL,PWRHYDFRAXX01,2027,33.5022
GLOBAL,PWRHYDFRAXX01,2028,33.5022
GLOBAL,PWRHYDFRAXX01,2029,33.5022
GLOBAL,PWRHYDFRAXX01,2030,33.5022
GLOBAL,PWRHYDFRAXX01,2031,33.5022
GLOBAL,PWRHYDFRAXX01,2032,33.5022
GLOBAL,PWRHYDFRAXX01,2033,33.5022
GLOBAL,PWRHYDFRAXX01,2034,33.5022
GLOBAL,PWRHYDFRAXX01,2035,33.5022
GLOBAL,PWRHYDFRAXX01,2036,33.5022
GLOBAL,PWRHYDFRAXX01,2037,33.5022
GLOBAL,PWRHYDFRAXX01,2038,33.5022
GLOBAL,PWRHYDFRAXX01,2039,33.5022
GLOBAL,PWRHYDFRAXX01,2040,33.5022
GLOBAL,PWRHYDFRAXX01,2041,33.5022
GLOBAL,PWRHYDFRAXX01,2042,33.5022
GLOBAL,PWRHYDFRAXX01,2043,33.5022
GLOBAL,PWRHYDFRAXX01,2044,33.5022
GLOBAL,PWRHYDFRAXX01,2045,33.5022
GLOBAL,PWRHYDFRAXX01,2046,33.5022
GLOBAL,PWRHYDFRAXX01,2047,33.5022
GLOBAL,PWRHYDFRAXX01,2048,33.5022
GLOBAL,PWRHYDFRAXX01,2049,33.5022
GLOBAL,PWRHYDFRAXX01,2050,33.5022
GLOBAL,PWRHYDITAXX01,2021,22.031
GLOBAL,PWRHYDITAXX01,2022,22.031
GLOBAL,PWRHYDITAXX01,2023,22.031
GLOBAL,PWRHYDITAXX01,2024,22.031
GLOBAL,PWRHYDITAXX01,2025,22.031
GLOBAL,PWRHYDITAXX01,2026,22.031
GLOBAL,PWRHYDITAXX01,2027,22.031
GLOBAL,PWRHYDITAXX01,2028,22.031
GLOBAL,PWRHYDITAXX01,2029,22.031
GLOBAL,PWRHYDITAXX01,2030,22.031
GLOBAL,PWRHYDITAXX01,2031,22.031
GLOBAL,PWRHYDITAXX01,2032,22.031
GLOBAL,PWRHYDITAXX01,2033,22.031
GLOBAL,PWRHYDITAXX01,2034,22.031
GLOBAL,PWRHYDITAXX01,2035,22.031
GLOBAL,PWRHYDITAXX01,2036,22.031
GLOBAL,PWRHYDITAXX01,2037,22.031
GLOBAL,PWRHYDITAXX01,2038,22.031
GLOBAL,PWRHYDITAXX01,2039,22.031
GLOBAL,PWRHYDITAXX01,2040,22.031
GLOBAL,PWRHYDITAXX01,2041,22.031
GLOBAL,PWRHYDITAXX01,2042,22.031
GLOBAL,PWRHYDITAXX01,2043,22.031
GLOBAL,PWRHYDITAXX01,2044,22.031
GLOBAL,PWRHYDITAXX01,2045,22.031
GLOBAL,PWRHYDITAXX01,2046,22.031
GLOBAL,PWRHYDITAXX01,2047,22.031
GLOBAL,PWRHYDITAXX01,2048,22.031
GLOBAL,PWRHYDITAXX01,2049,22.031
GLOBAL,PWRHYDITAXX01,2050,22.031
GLOBAL,PWRHYDLUXXX01,2021,1.2962
GLOBAL,PWRHYDLUXXX01,2022,1.2962
GLOBAL,PWRHYDLUXXX01,2023,1.2962
GLOBAL,PWRHYDLUXXX01,2024,1.2962
GLOBAL,PWRHYDLUXXX01,2025,1.2962
GLOBAL,PWRHYDLUXXX01,2026,1.2962
GLOBAL,PWRHYDLUXXX01,2027,1.2962
GLOBAL,PWRHYDLUXXX01,2028,1.2962
GLOBAL,PWRHYDLUXXX01,2029,1.2962
GLOBAL,PWRHYDLUXXX01,2030,1.2962
GLOBAL,PWRHYDLUXXX01,2031,1.2962
GLOBAL,PWRHYDLUXXX01,2032,1.2962
GLOBAL,PWRHYDLUXXX01,2033,1.2962
GLOBAL,PWRHYDLUXXX01,2034,1.2962
GLOBAL,PWRHYDLUXXX01,2035,1.2962
GLOBAL,PWRHYDLUXXX01,2036,1.2962
GLOBAL,PWRHYDLUXXX01,2037,1.2962
GLOBAL,PWRHYDLUXXX01,2038,1.2962
GLOBAL,PWRHYDLUXXX01,2039,1.2962
GLOBAL,PWRHYDLUXXX01,2040,1.2962
GLOBAL,PWRHYDLUXXX01,2041,1.2962
GLOBAL,PWRHYDLUXXX01,2042,1.2962
GLOBAL,PWRHYDLUXXX01,2043,1.2962
GLOBAL,PWRHYDLUXXX01,2044,1.2962
GLOBAL,PWRHYDLUXXX01,2045,1.2962
GLOBAL,PWRHYDLUXXX01,2046,1.2962
GLOBAL,PWRHYDLUXXX01,2047,1.2962
GLOBAL,PWRHYDLUXXX01,2048,1.2962
GLOBAL,PWRHYDLUXXX01,2049,1.2962
GLOBAL,PWRHYDLUXXX01,2050,1.2962
GLOBAL,PWRHYDNLDXX01,2021,0.2372
GLOBAL,PWRHYDNLDXX01,2022,0.2372
GLOBAL,PWRHYDNLDXX01,2023,0.2372
GLOBAL,PWRHYDNLDXX01,2024,0.2372
GLOBAL,PWRHYDNLDXX01,2025,0.2372
GLOBAL,PWRHYDNLDXX01,2026,0.2372
GLOBAL,PWRHYDNLDXX01,2027,0.2372
GLOBAL,PWRHYDNLDXX01,2028,0.2372
GLOBAL,PWRHYDNLDXX01,2029,0.2372
GLOBAL,PWRHYDNLDXX01,2030,0.2372
GLOBAL,PWRHYDNLDXX01,2031,0.2372
GLOBAL,PWRHYDNLDXX01,2032,0.2372
GLOBAL,PWRHYDNLDXX01,2033,0.2372
GLOBAL,PWRHYDNLDXX01,2034,0.2372
GLOBAL,PWRHYDNLDXX01,2035,0.2372
GLOBAL,PWRHYDNLDXX01,2036,0.2372
GLOBAL,PWRHYDNLDXX01,2037,0.2372
GLOBAL,PWRHYDNLDXX01,2038,0.2372
GLOBAL,PWRHYDNLDXX01,2039,0.2372
GLOBAL,PWRHYDNLDXX01,2040,0.2372
GLOBAL,PWRHYDNLDXX01,2041,0.2372
GLOBAL,PWRHYDNLDXX01,2042,0.2372
GLOBAL,PWRHYDNLDXX01,2043,0.2372
GLOBAL,PWRHYDNLDXX01,2044,0.2372
GLOBAL,PWRHYDNLDXX01,2045,0.2372
GLOBAL,PWRHYDNLDXX01,2046,0.2372
GLOBAL,PWRHYDNLDXX01,2047,0.2372
GLOBAL,PWRHYDNLDXX01,2048,0.2372
GLOBAL,PWRHYDNLDXX01,2049,0.2372
GLOBAL,PWRHYDNLDXX01,2050,0.2372
GLOBAL,PWRHYDPRTXX01,2021,4.784800000000001
GLOBAL,PWRHYDPRTXX01,2022,4.784800000000001
GLOBAL,PWRHYDPRTXX01,2023,4.784800000000001
GLOBAL,PWRHYDPRTXX01,2024,4.784800000000001
GLOBAL,PWRHYDPRTXX01,2025,4.784800000000001
GLOBAL,PWRHYDPRTXX01,2026,4.784800000000001
GLOBAL,PWRHYDPRTXX01,2027,4.784800000000001
GLOBAL,PWRHYDPRTXX01,2028,4.784800000000001
GLOBAL,PWRHYDPRTXX01,2029,4.784800000000001
GLOBAL,PWRHYDPRTXX01,2030,4.784800000000001
GLOBAL,PWRHYDPRTXX01,2031,4.784800000000001
GLOBAL,PWRHYDPRTXX01,2032,4.784800000000001
GLOBAL,PWRHYDPRTXX01,2033,4.784800000000001
GLOBAL,PWRHYDPRTXX01,2034,4.784800000000001
GLOBAL,PWRHYDPRTXX01,2035,4.784800000000001
GLOBAL,PWRHYDPRTXX01,2036,4.784800000000001
GLOBAL,PWRHYDPRTXX01,2037,4.784800000000001
GLOBAL,PWRHYDPRTXX01,2038,4.784800000000001
GLOBAL,PWRHYDPRTXX01,2039,4.784800000000001
GLOBAL,PWRHYDPRTXX01,2040,4.784800000000001
GLOBAL,PWRHYDPRTXX01,2041,4.784800000000001
GLOBAL,PWRHYDPRTXX01,2042,4.784800000000001
GLOBAL,PWRHYDPRTXX01,2043,4.784800000000001
GLOBAL,PWRHYDPRTXX01,2044,4.784800000000001
GLOBAL,PWRHYDPRTXX01,2045,4.784800000000001
GLOBAL,PWRHYDPRTXX01,2046,4.784800000000001
GLOBAL,PWRHYDPRTXX01,2047,4.784800000000001
GLOBAL,PWRHYDPRTXX01,2048,4.784800000000001
GLOBAL,PWRHYDPRTXX01,2049,4.784800000000001
GLOBAL,PWRHYDPRTXX01,2050,4.784800000000001
GLOBAL,PWRCSPAUTXX01,2021,12.3002
GLOBAL,PWRCSPAUTXX01,2022,12.3002
GLOBAL,PWRCSPAUTXX01,2023,12.3002
GLOBAL,PWRCSPAUTXX01,2024,12.3002
GLOBAL,PWRCSPAUTXX01,2025,12.3002
GLOBAL,PWRCSPAUTXX01,2026,12.3002
GLOBAL,PWRCSPAUTXX01,2027,12.3002
GLOBAL,PWRCSPAUTXX01,2028,12.3002
GLOBAL,PWRCSPAUTXX01,2029,12.3002
GLOBAL,PWRCSPAUTXX01,2030,12.3002
GLOBAL,PWRCSPAUTXX01,2031,12.3002
GLOBAL,PWRCSPAUTXX01,2032,12.3002
GLOBAL,PWRCSPAUTXX01,2033,12.3002
GLOBAL,PWRCSPAUTXX01,2034,12.3002
GLOBAL,PWRCSPAUTXX01,2035,12.3002
GLOBAL,PWRCSPAUTXX01,2036,12.3002
GLOBAL,PWRCSPAUTXX01,2037,12.3002
GLOBAL,PWRCSPAUTXX01,2038,12.3002
GLOBAL,PWRCSPAUTXX01,2039,12.3002
GLOBAL,PWRCSPAUTXX01,2040,12.3002
GLOBAL,PWRCSPAUTXX01,2041,12.3002
GLOBAL,PWRCSPAUTXX01,2042,12.3002
GLOBAL,PWRCSPAUTXX01,2043,12.3002
GLOBAL,PWRCSPAUTXX01,2044,12.3002
GLOBAL,PWRCSPAUTXX01,2045,12.3002
GLOBAL,PWRCSPAUTXX01,2046,12.3002
GLOBAL,PWRCSPAUTXX01,2047,12.3002
GLOBAL,PWRCSPAUTXX01,2048,12.3002
GLOBAL,PWRCSPAUTXX01,2049,12.3002
GLOBAL,PWRCSPAUTXX01,2050,12.3002
GLOBAL,PWRCSPBELXX01,2021,71.1002
GLOBAL,PWRCSPBELXX01,2022,71.1002
GLOBAL,PWRCSPBELXX01,2023,71.1002
GLOBAL,PWRCSPBELXX01,2024,71.1002
GLOBAL,PWRCSPBELXX01,2025,71.1002
GLOBAL,PWRCSPBELXX01,2026,71.1002
GLOBAL,PWRCSPBELXX01,2027,71.1002
GLOBAL,PWRCSPBELXX01,2028,71.1002
GLOBAL,PWRCSPBELXX01,2029,71.1002
GLOBAL,PWRCSPBELXX01,2030,71.1002
GLOBAL,PWRCSPBELXX01,2031,71.1002
GLOBAL,PWRCSPBELXX01,2032,71.1002
GLOBAL,PWRCSPBELXX01,2033,71.1002
GLOBAL,PWRCSPBELXX01,2034,71.1002
GLOBAL,PWRCSPBELXX01,2035,71.1002
GLOBAL,PWRCSPBELXX01,2036,71.1002
GLOBAL,PWRCSPBELXX01,2037,71.1002
GLOBAL,PWRCSPBELXX01,2038,71.1002
GLOBAL,PWRCSPBELXX01,2039,71.1002
GLOBAL,PWRCSPBELXX01,2040,71.1002
GLOBAL,PWRCSPBELXX01,2041,71.1002
GLOBAL,PWRCSPBELXX01,2042,71.1002
GLOBAL,PWRCSPBELXX01,2043,71.1002
GLOBAL,PWRCSPBELXX01,2044,71.1002
GLOBAL,PWRCSPBELXX01,2045,71.1002
GLOBAL,PWRCSPBELXX01,2046,71.1002
GLOBAL,PWRCSPBELXX01,2047,71.1002
GLOBAL,PWRCSPBELXX01,2048,71.1002
GLOBAL,PWRCSPBELXX01,2049,71.1002
GLOBAL,PWRCSPBELXX01,2050,71.1002
GLOBAL,PWRCSPCHEXX01,2021,2.8002
GLOBAL,PWRCSPCHEXX01,2022,2.8002
GLOBAL,PWRCSPCHEXX01,2023,2.8002
GLOBAL,PWRCSPCHEXX01,2024,2.8002
GLOBAL,PWRCSPCHEXX01,2025,2.8002
GLOBAL,PWRCSPCHEXX01,2026,2.8002
GLOBAL,PWRCSPCHEXX01,2027,2.8002
GLOBAL,PWRCSPCHEXX01,2028,2.8002
GLOBAL,PWRCSPCHEXX01,2029,2.8002
GLOBAL,PWRCSPCHEXX01,2030,2.8002
GLOBAL,PWRCSPCHEXX01,2031,2.8002
GLOBAL,PWRCSPCHEXX01,2032,2.8002
GLOBAL,PWRCSPCHEXX01,2033,2.8002
GLOBAL,PWRCSPCHEXX01,2034,2.8002
GLOBAL,PWRCSPCHEXX01,2035,2.8002
GLOBAL,PWRCSPCHEXX01,2036,2.8002
GLOBAL,PWRCSPCHEXX01,2037,2.8002
GLOBAL,PWRCSPCHEXX01,2038,2.8002
GLOBAL,PWRCSPCHEXX01,2039,2.8002
GLOBAL,PWRCSPCHEXX01,2040,2.8002
GLOBAL,PWRCSPCHEXX01,2041,2.8002
GLOBAL,PWRCSPCHEXX01,2042,2.8002
GLOBAL,PWRCSPCHEXX01,2043,2.8002
GLOBAL,PWRCSPCHEXX01,2044,2.8002
GLOBAL,PWRCSPCHEXX01,2045,2.8002
GLOBAL,PWRCSPCHEXX01,2046,2.8002
GLOBAL,PWRCSPCHEXX01,2047,2.8002
GLOBAL,PWRCSPCHEXX01,2048,2.8002
GLOBAL,PWRCSPCHEXX01,2049,2.8002
GLOBAL,PWRCSPCHEXX01,2050,2.8002
GLOBAL,PWRCSPDEUXX01,2021,452.7022
GLOBAL,PWRCSPDEUXX01,2022,452.7022
GLOBAL,PWRCSPDEUXX01,2023,452.7022
GLOBAL,PWRCSPDEUXX01,2024,452.7022
GLOBAL,PWRCSPDEUXX01,2025,452.7022
GLOBAL,PWRCSPDEUXX01,2026,452.7022
GLOBAL,PWRCSPDEUXX01,2027,452.7022
GLOBAL,PWRCSPDEUXX01,2028,452.7022
GLOBAL,PWRCSPDEUXX01,2029,452.7022
GLOBAL,PWRCSPDEUXX01,2030,452.7022
GLOBAL,PWRCSPDEUXX01,2031,452.7022
GLOBAL,PWRCSPDEUXX01,2032,452.7022
GLOBAL,PWRCSPDEUXX01,2033,452.7022
GLOBAL,PWRCSPDEUXX01,2034,452.7022
GLOBAL,PWRCSPDEUXX01,2035,452.7022
GLOBAL,PWRCSPDEUXX01,2036,452.7022
GLOBAL,PWRCSPDEUXX01,2037,452.7022
GLOBAL,PWRCSPDEUXX01,2038,452.7022
GLOBAL,PWRCSPDEUXX01,2039,452.7022
GLOBAL,PWRCSPDEUXX01,2040,452.7022
GLOBAL,PWRCSPDEUXX01,2041,452.7022
GLOBAL,PWRCSPDEUXX01,2042,452.7022
GLOBAL,PWRCSPDEUXX01,2043,452.7022
GLOBAL,PWRCSPDEUXX01,2044,452.7022
GLOBAL,PWRCSPDEUXX01,2045,452.7022
GLOBAL,PWRCSPDEUXX01,2046,452.7022
GLOBAL,PWRCSPDEUXX01,2047,452.7022
GLOBAL,PWRCSPDEUXX01,2048,452.7022
GLOBAL,PWRCSPDEUXX01,2049,452.7022
GLOBAL,PWRCSPDEUXX01,2050,452.7022
GLOBAL,PWRCSPESPXX01,2021,467.1152
GLOBAL,PWRCSPESPXX01,2022,467.1152
GLOBAL,PWRCSPESPXX01,2023,467.1152
GLOBAL,PWRCSPESPXX01,2024,467.1152
GLOBAL,PWRCSPESPXX01,2025,467.1152
GLOBAL,PWRCSPESPXX01,2026,467.1152
GLOBAL,PWRCSPESPXX01,2027,467.1152
GLOBAL,PWRCSPESPXX01,2028,467.1152
GLOBAL,PWRCSPESPXX01,2029,467.1152
GLOBAL,PWRCSPESPXX01,2030,467.1152
GLOBAL,PWRCSPESPXX01,2031,467.1152
GLOBAL,PWRCSPESPXX01,2032,467.1152
GLOBAL,PWRCSPESPXX01,2033,467.1152
GLOBAL,PWRCSPESPXX01,2034,467.1152
GLOBAL,PWRCSPESPXX01,2035,467.1152
GLOBAL,PWRCSPESPXX01,2036,467.1152
GLOBAL,PWRCSPESPXX01,2037,467.1152
GLOBAL,PWRCSPESPXX01,2038,467.1152
GLOBAL,PWRCSPESPXX01,2039,467.1152
GLOBAL,PWRCSPESPXX01,2040,467.1152
GLOBAL,PWRCSPESPXX01,2041,467.1152
GLOBAL,PWRCSPESPXX01,2042,467.1152
GLOBAL,PWRCSPESPXX01,2043,467.1152
GLOBAL,PWRCSPESPXX01,2044,467.1152
GLOBAL,PWRCSPESPXX01,2045,467.1152
GLOBAL,PWRCSPESPXX01,2046,467.1152
GLOBAL,PWRCSPESPXX01,2047,467.1152
GLOBAL,PWRCSPESPXX01,2048,467.1152
GLOBAL,PWRCSPESPXX01,2049,467.1152
GLOBAL,PWRCSPESPXX01,2050,467.1152
GLOBAL,PWRCSPFRAXX01,2021,867.6002
GLOBAL,PWRCSPFRAXX01,2022,867.6002
GLOBAL,PWRCSPFRAXX01,2023,867.6002
GLOBAL,PWRCSPFRAXX01,2024,867.6002
GLOBAL,PWRCSPFRAXX01,2025,867.6002
GLOBAL,PWRCSPFRAXX01,2026,867.6002
GLOBAL,PWRCSPFRAXX01,2027,867.6002
GLOBAL,PWRCSPFRAXX01,2028,867.6002
GLOBAL,PWRCSPFRAXX01,2029,867.6002
GLOBAL,PWRCSPFRAXX01,2030,867.6002
GLOBAL,PWRCSPFRAXX01,2031,867.6002
GLOBAL,PWRCSPFRAXX01,2032,867.6002
GLOBAL,PWRCSPFRAXX01,2033,867.6002
GLOBAL,PWRCSPFRAXX01,2034,867.6002
GLOBAL,PWRCSPFRAXX01,2035,867.6002
GLOBAL,PWRCSPFRAXX01,2036,867.6002
GLOBAL,PWRCSPFRAXX01,2037,867.6002
GLOBAL,PWRCSPFRAXX01,2038,867.6002
GLOBAL,PWRCSPFRAXX01,2039,867.6002
GLOBAL,PWRCSPFRAXX01,2040,867.6002
GLOBAL,PWRCSPFRAXX01,2041,867.6002
GLOBAL,PWRCSPFRAXX01,2042,867.6002
GLOBAL,PWRCSPFRAXX01,2043,867.6002
GLOBAL,PWRCSPFRAXX01,2044,867.6002
GLOBAL,PWRCSPFRAXX01,2045,867.6002
GLOBAL,PWRCSPFRAXX01,2046,867.6002
GLOBAL,PWRCSPFRAXX01,2047,867.6002
GLOBAL,PWRCSPFRAXX01,2048,867.6002
GLOBAL,PWRCSPFRAXX01,2049,867.6002
GLOBAL,PWRCSPFRAXX01,2050,867.6002
GLOBAL,PWRCSPITAXX01,2021,184.1002
GLOBAL,PWRCSPITAXX01,2022,184.1002
GLOBAL,PWRCSPITAXX01,2023,184.1002
GLOBAL,PWRCSPITAXX01,2024,184.1002
GLOBAL,PWRCSPITAXX01,2025,184.1002
GLOBAL,PWRCSPITAXX01,2026,184.1002
GLOBAL,PWRCSPITAXX01,2027,184.1002
GLOBAL,PWRCSPITAXX01,2028,184.1002
GLOBAL,PWRCSPITAXX01,2029,184.1002
GLOBAL,PWRCSPITAXX01,2030,184.1002
GLOBAL,PWRCSPITAXX01,2031,184.1002
GLOBAL,PWRCSPITAXX01,2032,184.1002
GLOBAL,PWRCSPITAXX01,2033,184.1002
GLOBAL,PWRCSPITAXX01,2034,184.1002
GLOBAL,PWRCSPITAXX01,2035,184.1002
GLOBAL,PWRCSPITAXX01,2036,184.1002
GLOBAL,PWRCSPITAXX01,2037,184.1002
GLOBAL,PWRCSPITAXX01,2038,184.1002
GLOBAL,PWRCSPITAXX01,2039,184.1002
GLOBAL,PWRCSPITAXX01,2040,184.1002
GLOBAL,PWRCSPITAXX01,2041,184.1002
GLOBAL,PWRCSPITAXX01,2042,184.1002
GLOBAL,PWRCSPITAXX01,2043,184.1002
GLOBAL,PWRCSPITAXX01,2044,184.1002
GLOBAL,PWRCSPITAXX01,2045,184.1002
GLOBAL,PWRCSPITAXX01,2046,184.1002
GLOBAL,PWRCSPITAXX01,2047,184.1002
GLOBAL,PWRCSPITAXX01,2048,184.1002
GLOBAL,PWRCSPITAXX01,2049,184.1002
GLOBAL,PWRCSPITAXX01,2050,184.1002
GLOBAL,PWRCSPLUXXX01,2021,3.0002
GLOBAL,PWRCSPLUXXX01,2022,3.0002
GLOBAL,PWRCSPLUXXX01,2023,3.0002
GLOBAL,PWRCSPLUXXX01,2024,3.0002
GLOBAL,PWRCSPLUXXX01,2025,3.0002
GLOBAL,PWRCSPLUXXX01,2026,3.0002
GLOBAL,PWRCSPLUXXX01,2027,3.0002
GLOBAL,PWRCSPLUXXX01,2028,3.0002
GLOBAL,PWRCSPLUXXX01,2029,3.0002
GLOBAL,PWRCSPLUXXX01,2030,3.0002
GLOBAL,PWRCSPLUXXX01,2031,3.0002
GLOBAL,PWRCSPLUXXX01,2032,3.0002
GLOBAL,PWRCSPLUXXX01,2033,3.0002
GLOBAL,PWRCSPLUXXX01,2034,3.0002
GLOBAL,PWRCSPLUXXX01,2035,3.0002
GLOBAL,PWRCSPLUXXX01,2036,3.0002
GLOBAL,PWRCSPLUXXX01,2037,3.0002
GLOBAL,PWRCSPLUXXX01,2038,3.0002
GLOBAL,PWRCSPLUXXX01,2039,3.0002
GLOBAL,PWRCSPLUXXX01,2040,3.0002
GLOBAL,PWRCSPLUXXX01,2041,3.0002
GLOBAL,PWRCSPLUXXX01,2042,3.0002
GLOBAL,PWRCSPLUXXX01,2043,3.0002
GLOBAL,PWRCSPLUXXX01,2044,3.0002
GLOBAL,PWRCSPLUXXX01,2045,3.0002
GLOBAL,PWRCSPLUXXX01,2046,3.0002
GLOBAL,PWRCSPLUXXX01,2047,3.0002
GLOBAL,PWRCSPLUXXX01,2048,3.0002
GLOBAL,PWRCSPLUXXX01,2049,3.0002
GLOBAL,PWRCSPLUXXX01,2050,3.0002
GLOBAL,PWRCSPNLDXX01,2021,59.8002
GLOBAL,PWRCSPNLDXX01,2022,59.8002
GLOBAL,PWRCSPNLDXX01,2023,59.8002
GLOBAL,PWRCSPNLDXX01,2024,59.8002
GLOBAL,PWRCSPNLDXX01,2025,59.8002
GLOBAL,PWRCSPNLDXX01,2026,59.8002
GLOBAL,PWRCSPNLDXX01,2027,59.8002
GLOBAL,PWRCSPNLDXX01,2028,59.8002
GLOBAL,PWRCSPNLDXX01,2029,59.8002
GLOBAL,PWRCSPNLDXX01,2030,59.8002
GLOBAL,PWRCSPNLDXX01,2031,59.8002
GLOBAL,PWRCSPNLDXX01,2032,59.8002
GLOBAL,PWRCSPNLDXX01,2033,59.8002
GLOBAL,PWRCSPNLDXX01,2034,59.8002
GLOBAL,PWRCSPNLDXX01,2035,59.8002
GLOBAL,PWRCSPNLDXX01,2036,59.8002
GLOBAL,PWRCSPNLDXX01,2037,59.8002
GLOBAL,PWRCSPNLDXX01,2038,59.8002
GLOBAL,PWRCSPNLDXX01,2039,59.8002
GLOBAL,PWRCSPNLDXX01,2040,59.8002
GLOBAL,PWRCSPNLDXX01,2041,59.8002
GLOBAL,PWRCSPNLDXX01,2042,59.8002
GLOBAL,PWRCSPNLDXX01,2043,59.8002
GLOBAL,PWRCSPNLDXX01,2044,59.8002
GLOBAL,PWRCSPNLDXX01,2045,59.8002
GLOBAL,PWRCSPNLDXX01,2046,59.8002
GLOBAL,PWRCSPNLDXX01,2047,59.8002
GLOBAL,PWRCSPNLDXX01,2048,59.8002
GLOBAL,PWRCSPNLDXX01,2049,59.8002
GLOBAL,PWRCSPNLDXX01,2050,59.8002
GLOBAL,PWRCSPPRTXX01,2021,139.7002
GLOBAL,PWRCSPPRTXX01,2022,139.7002
GLOBAL,PWRCSPPRTXX01,2023,139.7002
GLOBAL,PWRCSPPRTXX01,2024,139.7002
GLOBAL,PWRCSPPRTXX01,2025,139.7002
GLOBAL,PWRCSPPRTXX01,2026,139.7002
GLOBAL,PWRCSPPRTXX01,2027,139.7002
GLOBAL,PWRCSPPRTXX01,2028,139.7002
GLOBAL,PWRCSPPRTXX01,2029,139.7002
GLOBAL,PWRCSPPRTXX01,2030,139.7002
GLOBAL,PWRCSPPRTXX01,2031,139.7002
GLOBAL,PWRCSPPRTXX01,2032,139.7002
GLOBAL,PWRCSPPRTXX01,2033,139.7002
GLOBAL,PWRCSPPRTXX01,2034,139.7002
GLOBAL,PWRCSPPRTXX01,2035,139.7002
GLOBAL,PWRCSPPRTXX01,2036,139.7002
GLOBAL,PWRCSPPRTXX01,2037,139.7002
GLOBAL,PWRCSPPRTXX01,2038,139.7002
GLOBAL,PWRCSPPRTXX01,2039,139.7002
GLOBAL,PWRCSPPRTXX01,2040,139.7002
GLOBAL,PWRCSPPRTXX01,2041,139.7002
GLOBAL,PWRCSPPRTXX01,2042,139.7002
GLOBAL,PWRCSPPRTXX01,2043,139.7002
GLOBAL,PWRCSPPRTXX01,2044,139.7002
GLOBAL,PWRCSPPRTXX01,2045,139.7002
GLOBAL,PWRCSPPRTXX01,2046,139.7002
GLOBAL,PWRCSPPRTXX01,2047,139.7002
GLOBAL,PWRCSPPRTXX01,2048,139.7002
GLOBAL,PWRCSPPRTXX01,2049,139.7002
GLOBAL,PWRCSPPRTXX01,2050,139.7002
GLOBAL,PWRSPVAUTXX01,2021,623.9372
GLOBAL,PWRSPVAUTXX01,2022,623.9372
GLOBAL,PWRSPVAUTXX01,2023,623.9372
GLOBAL,PWRSPVAUTXX01,2024,623.9372
GLOBAL,PWRSPVAUTXX01,2025,623.9372
GLOBAL,PWRSPVAUTXX01,2026,623.9372
GLOBAL,PWRSPVAUTXX01,2027,623.9372
GLOBAL,PWRSPVAUTXX01,2028,623.9372
GLOBAL,PWRSPVAUTXX01,2029,623.9372
GLOBAL,PWRSPVAUTXX01,2030,623.9372
GLOBAL,PWRSPVAUTXX01,2031,623.9372
GLOBAL,PWRSPVAUTXX01,2032,623.9372
GLOBAL,PWRSPVAUTXX01,2033,623.9372
GLOBAL,PWRSPVAUTXX01,2034,623.9372
GLOBAL,PWRSPVAUTXX01,2035,623.9372
GLOBAL,PWRSPVAUTXX01,2036,623.9372
GLOBAL,PWRSPVAUTXX01,2037,623.9372
GLOBAL,PWRSPVAUTXX01,2038,623.9372
GLOBAL,PWRSPVAUTXX01,2039,623.9372
GLOBAL,PWRSPVAUTXX01,2040,623.9372
GLOBAL,PWRSPVAUTXX01,2041,623.9372
GLOBAL,PWRSPVAUTXX01,2042,623.9372
GLOBAL,PWRSPVAUTXX01,2043,623.9372
GLOBAL,PWRSPVAUTXX01,2044,623.9372
GLOBAL,PWRSPVAUTXX01,2045,623.9372
GLOBAL,PWRSPVAUTXX01,2046,623.9372
GLOBAL,PWRSPVAUTXX01,2047,623.9372
GLOBAL,PWRSPVAUTXX01,2048,623.9372
GLOBAL,PWRSPVAUTXX01,2049,623.9372
GLOBAL,PWRSPVAUTXX01,2050,623.9372
GLOBAL,PWRSPVBELXX01,2021,658.7221999999999
GLOBAL,PWRSPVBELXX01,2022,658.7221999999999
GLOBAL,PWRSPVBELXX01,2023,658.7221999999999
GLOBAL,PWRSPVBELXX01,2024,658.7221999999999
GLOBAL,PWRSPVBELXX01,2025,658.7221999999999
GLOBAL,PWRSPVBELXX01,2026,658.7221999999999
GLOBAL,PWRSPVBELXX01,2027,658.7221999999999
GLOBAL,PWRSPVBELXX01,2028,658.7221999999999
GLOBAL,PWRSPVBELXX01,2029,658.7221999999999
GLOBAL,PWRSPVBELXX01,2030,658.7221999999999
GLOBAL,PWRSPVBELXX01,2031,658.7221999999999
GLOBAL,PWRSPVBELXX01,2032,658.7221999999999
GLOBAL,PWRSPVBELXX01,2033,658.7221999999999
GLOBAL,PWRSPVBELXX01,2034,658.7221999999999
GLOBAL,PWRSPVBELXX01,2035,658.7221999999999
GLOBAL,PWRSPVBELXX01,2036,658.7221999999999
GLOBAL,PWRSPVBELXX01,2037,658.7221999999999
GLOBAL,PWRSPVBELXX01,2038,658.7221999999999
GLOBAL,PWRSPVBELXX01,2039,658.7221999999999
GLOBAL,PWRSPVBELXX01,2040,658.7221999999999
GLOBAL,PWRSPVBELXX01,2041,658.7221999999999
GLOBAL,PWRSPVBELXX01,2042,658.7221999999999
GLOBAL,PWRSPVBELXX01,2043,658.7221999999999
GLOBAL,PWRSPVBELXX01,2044,658.7221999999999
GLOBAL,PWRSPVBELXX01,2045,658.7221999999999
GLOBAL,PWRSPVBELXX01,2046,658.7221999999999
GLOBAL,PWRSPVBELXX01,2047,658.7221999999999
GLOBAL,PWRSPVBELXX01,2048,658.7221999999999
GLOBAL,PWRSPVBELXX01,2049,658.7221999999999
GLOBAL,PWRSPVBELXX01,2050,658.7221999999999
GLOBAL,PWRSPVCHEXX01,2021,456.9942
GLOBAL,PWRSPVCHEXX01,2022,456.9942
GLOBAL,PWRSPVCHEXX01,2023,456.9942
GLOBAL,PWRSPVCHEXX01,2024,456.9942
GLOBAL,PWRSPVCHEXX01,2025,456.9942
GLOBAL,PWRSPVCHEXX01,2026,456.9942
GLOBAL,PWRSPVCHEXX01,2027,456.9942
GLOBAL,PWRSPVCHEXX01,2028,456.9942
GLOBAL,PWRSPVCHEXX01,2029,456.9942
GLOBAL,PWRSPVCHEXX01,2030,456.9942
GLOBAL,PWRSPVCHEXX01,2031,456.9942
GLOBAL,PWRSPVCHEXX01,2032,456.9942
GLOBAL,PWRSPVCHEXX01,2033,456.9942
GLOBAL,PWRSPVCHEXX01,2034,456.9942
GLOBAL,PWRSPVCHEXX01,2035,456.9942
GLOBAL,PWRSPVCHEXX01,2036,456.9942
GLOBAL,PWRSPVCHEXX01,2037,456.9942
GLOBAL,PWRSPVCHEXX01,2038,456.9942
GLOBAL,PWRSPVCHEXX01,2039,456.9942
GLOBAL,PWRSPVCHEXX01,2040,456.9942
GLOBAL,PWRSPVCHEXX01,2041,456.9942
GLOBAL,PWRSPVCHEXX01,2042,456.9942
GLOBAL,PWRSPVCHEXX01,2043,456.9942
GLOBAL,PWRSPVCHEXX01,2044,456.9942
GLOBAL,PWRSPVCHEXX01,2045,456.9942
GLOBAL,PWRSPVCHEXX01,2046,456.9942
GLOBAL,PWRSPVCHEXX01,2047,456.9942
GLOBAL,PWRSPVCHEXX01,2048,456.9942
GLOBAL,PWRSPVCHEXX01,2049,456.9942
GLOBAL,PWRSPVCHEXX01,2050,456.9942
GLOBAL,PWRSPVDEUXX01,2021,4644.1077000000005
GLOBAL,PWRSPVDEUXX01,2022,4644.1077000000005
GLOBAL,PWRSPVDEUXX01,2023,4644.1077000000005
GLOBAL,PWRSPVDEUXX01,2024,4644.1077000000005
GLOBAL,PWRSPVDEUXX01,2025,4644.1077000000005
GLOBAL,PWRSPVDEUXX01,2026,4644.1077000000005
GLOBAL,PWRSPVDEUXX01,2027,4644.1077000000005
GLOBAL,PWRSPVDEUXX01,2028,4644.1077000000005
GLOBAL,PWRSPVDEUXX01,2029,4644.1077000000005
GLOBAL,PWRSPVDEUXX01,2030,4644.1077000000005
GLOBAL,PWRSPVDEUXX01,2031,4644.1077000000005
GLOBAL,PWRSPVDEUXX01,2032,4644.1077000000005
GLOBAL,PWRSPVDEUXX01,2033,4644.1077000000005
GLOBAL,PWRSPVDEUXX01,2034,4644.1077000000005
GLOBAL,PWRSPVDEUXX01,2035,4644.1077000000005
GLOBAL,PWRSPVDEUXX01,2036,4644.1077000000005
GLOBAL,PWRSPVDEUXX01,2037,4644.1077000000005
GLOBAL,PWRSPVDEUXX01,2038,4644.1077000000005
GLOBAL,PWRSPVDEUXX01,2039,4644.1077000000005
GLOBAL,PWRSPVDEUXX01,2040,4644.1077000000005
GLOBAL,PWRSPVDEUXX01,2041,4644.1077000000005
GLOBAL,PWRSPVDEUXX01,2042,4644.1077000000005
GLOBAL,PWRSPVDEUXX01,2043,4644.1077000000005
GLOBAL,PWRSPVDEUXX01,2044,4644.1077000000005
GLOBAL,PWRSPVDEUXX01,2045,4644.1077000000005
GLOBAL,PWRSPVDEUXX01,2046,4644.1077000000005
GLOBAL,PWRSPVDEUXX01,2047,4644.1077000000005
GLOBAL,PWRSPVDEUXX01,2048,4644.1077000000005
GLOBAL,PWRSPVDEUXX01,2049,4644.1077000000005
GLOBAL,PWRSPVDEUXX01,2050,4644.1077000000005
GLOBAL,PWRSPVESPXX01,2021,15470.0563
GLOBAL,PWRSPVESPXX01,2022,15470.0563
GLOBAL,PWRSPVESPXX01,2023,15470.0563
GLOBAL,PWRSPVESPXX01,2024,15470.0563
GLOBAL,PWRSPVESPXX01,2025,15470.0563
GLOBAL,PWRSPVESPXX01,2026,15470.0563
GLOBAL,PWRSPVESPXX01,2027,15470.0563
GLOBAL,PWRSPVESPXX01,2028,15470.0563
GLOBAL,PWRSPVESPXX01,2029,15470.0563
GLOBAL,PWRSPVESPXX01,2030,15470.0563
GLOBAL,PWRSPVESPXX01,2031,15470.0563
GLOBAL,PWRSPVESPXX01,2032,15470.0563
GLOBAL,PWRSPVESPXX01,2033,15470.0563
GLOBAL,PWRSPVESPXX01,2034,15470.0563
GLOBAL,PWRSPVESPXX01,2035,15470.0563
GLOBAL,PWRSPVESPXX01,2036,15470.0563
GLOBAL,PWRSPVESPXX01,2037,15470.0563
GLOBAL,PWRSPVESPXX01,2038,15470.0563
GLOBAL,PWRSPVESPXX01,2039,15470.0563
GLOBAL,PWRSPVESPXX01,2040,15470.0563
GLOBAL,PWRSPVESPXX01,2041,15470.0563
GLOBAL,PWRSPVESPXX01,2042,15470.0563
GLOBAL,PWRSPVESPXX01,2043,15470.0563
GLOBAL,PWRSPVESPXX01,2044,15470.0563
GLOBAL,PWRSPVESPXX01,2045,15470.0563
GLOBAL,PWRSPVESPXX01,2046,15470.0563
GLOBAL,PWRSPVESPXX01,2047,15470.0563
GLOBAL,PWRSPVESPXX01,2048,15470.0563
GLOBAL,PWRSPVESPXX01,2049,15470.0563
GLOBAL,PWRSPVESPXX01,2050,15470.0563
GLOBAL,PWRSPVFRAXX01,2021,9609.5268
GLOBAL,PWRSPVFRAXX01,2022,9609.5268
GLOBAL,PWRSPVFRAXX01,2023,9609.5268
GLOBAL,PWRSPVFRAXX01,2024,9609.5268
GLOBAL,PWRSPVFRAXX01,2025,9609.5268
GLOBAL,PWRSPVFRAXX01,2026,9609.5268
GLOBAL,PWRSPVFRAXX01,2027,9609.5268
GLOBAL,PWRSPVFRAXX01,2028,9609.5268
GLOBAL,PWRSPVFRAXX01,2029,9609.5268
GLOBAL,PWRSPVFRAXX01,2030,9609.5268
GLOBAL,PWRSPVFRAXX01,2031,9609.5268
GLOBAL,PWRSPVFRAXX01,2032,9609.5268
GLOBAL,PWRSPVFRAXX01,2033,9609.5268
GLOBAL,PWRSPVFRAXX01,2034,9609.5268
GLOBAL,PWRSPVFRAXX01,2035,9609.5268
GLOBAL,PWRSPVFRAXX01,2036,9609.5268
GLOBAL,PWRSPVFRAXX01,2037,9609.5268
GLOBAL,PWRSPVFRAXX01,2038,9609.5268
GLOBAL,PWRSPVFRAXX01,2039,9609.5268
GLOBAL,PWRSPVFRAXX01,2040,9609.5268
GLOBAL,PWRSPVFRAXX01,2041,9609.5268
GLOBAL,PWRSPVFRAXX01,2042,9609.5268
GLOBAL,PWRSPVFRAXX01,2043,9609.5268
GLOBAL,PWRSPVFRAXX01,2044,9609.5268
GLOBAL,PWRSPVFRAXX01,2045,9609.5268
GLOBAL,PWRSPVFRAXX01,2046,9609.5268
GLOBAL,PWRSPVFRAXX01,2047,9609.5268
GLOBAL,PWRSPVFRAXX01,2048,9609.5268
GLOBAL,PWRSPVFRAXX01,2049,9609.5268
GLOBAL,PWRSPVFRAXX01,2050,9609.5268
GLOBAL,PWRSPVITAXX01,2021,4378.9926000000005
GLOBAL,PWRSPVITAXX01,2022,4378.9926000000005
GLOBAL,PWRSPVITAXX01,2023,4378.9926000000005
GLOBAL,PWRSPVITAXX01,2024,4378.9926000000005
GLOBAL,PWRSPVITAXX01,2025,4378.9926000000005
GLOBAL,PWRSPVITAXX01,2026,4378.9926000000005
GLOBAL,PWRSPVITAXX01,2027,4378.9926000000005
GLOBAL,PWRSPVITAXX01,2028,4378.9926000000005
GLOBAL,PWRSPVITAXX01,2029,4378.9926000000005
GLOBAL,PWRSPVITAXX01,2030,4378.9926000000005
GLOBAL,PWRSPVITAXX01,2031,4378.9926000000005
GLOBAL,PWRSPVITAXX01,2032,4378.9926000000005
GLOBAL,PWRSPVITAXX01,2033,4378.9926000000005
GLOBAL,PWRSPVITAXX01,2034,4378.9926000000005
GLOBAL,PWRSPVITAXX01,2035,4378.9926000000005
GLOBAL,PWRSPVITAXX01,2036,4378.9926000000005
GLOBAL,PWRSPVITAXX01,2037,4378.9926000000005
GLOBAL,PWRSPVITAXX01,2038,4378.9926000000005
GLOBAL,PWRSPVITAXX01,2039,4378.9926000000005
GLOBAL,PWRSPVITAXX01,2040,4378.9926000000005
GLOBAL,PWRSPVITAXX01,2041,4378.9926000000005
GLOBAL,PWRSPVITAXX01,2042,4378.9926000000005
GLOBAL,PWRSPVITAXX01,2043,4378.9926000000005
GLOBAL,PWRSPVITAXX01,2044,4378.9926000000005
GLOBAL,PWRSPVITAXX01,2045,4378.9926000000005
GLOBAL,PWRSPVITAXX01,2046,4378.9926000000005
GLOBAL,PWRSPVITAXX01,2047,4378.9926000000005
GLOBAL,PWRSPVITAXX01,2048,4378.9926000000005
GLOBAL,PWRSPVITAXX01,2049,4378.9926000000005
GLOBAL,PWRSPVITAXX01,2050,4378.9926000000005
GLOBAL,PWRSPVLUXXX01,2021,55.4162
GLOBAL,PWRSPVLUXXX01,2022,55.4162
GLOBAL,PWRSPVLUXXX01,2023,55.4162
GLOBAL,PWRSPVLUXXX01,2024,55.4162
GLOBAL,PWRSPVLUXXX01,2025,55.4162
GLOBAL,PWRSPVLUXXX01,2026,55.4162
GLOBAL,PWRSPVLUXXX01,2027,55.4162
GLOBAL,PWRSPVLUXXX01,2028,55.4162
GLOBAL,PWRSPVLUXXX01,2029,55.4162
GLOBAL,PWRSPVLUXXX01,2030,55.4162
GLOBAL,PWRSPVLUXXX01,2031,55.4162
GLOBAL,PWRSPVLUXXX01,2032,55.4162
GLOBAL,PWRSPVLUXXX01,2033,55.4162
GLOBAL,PWRSPVLUXXX01,2034,55.4162
GLOBAL,PWRSPVLUXXX01,2035,55.4162
GLOBAL,PWRSPVLUXXX01,2036,55.4162
GLOBAL,PWRSPVLUXXX01,2037,55.4162
GLOBAL,PWRSPVLUXXX01,2038,55.4162
GLOBAL,PWRSPVLUXXX01,2039,55.4162
GLOBAL,PWRSPVLUXXX01,2040,55.4162
GLOBAL,PWRSPVLUXXX01,2041,55.4162
GLOBAL,PWRSPVLUXXX01,2042,55.4162
GLOBAL,PWRSPVLUXXX01,2043,55.4162
GLOBAL,PWRSPVLUXXX01,2044,55.4162
GLOBAL,PWRSPVLUXXX01,2045,55.4162
GLOBAL,PWRSPVLUXXX01,2046,55.4162
GLOBAL,PWRSPVLUXXX01,2047,55.4162
GLOBAL,PWRSPVLUXXX01,2048,55.4162
GLOBAL,PWRSPVLUXXX01,2049,55.4162
GLOBAL,PWRSPVLUXXX01,2050,55.4162
GLOBAL,PWRSPVNLDXX01,2021,624.9151999999999
GLOBAL,PWRSPVNLDXX01,2022,624.9151999999999
GLOBAL,PWRSPVNLDXX01,2023,624.9151999999999
GLOBAL,PWRSPVNLDXX01,2024,624.9151999999999
GLOBAL,PWRSPVNLDXX01,2025,624.9151999999999
GLOBAL,PWRSPVNLDXX01,2026,624.9151999999999
GLOBAL,PWRSPVNLDXX01,2027,624.9151999999999
GLOBAL,PWRSPVNLDXX01,2028,624.9151999999999
GLOBAL,PWRSPVNLDXX01,2029,624.9151999999999
GLOBAL,PWRSPVNLDXX01,2030,624.9151999999999
GLOBAL,PWRSPVNLDXX01,2031,624.9151999999999
GLOBAL,PWRSPVNLDXX01,2032,624.9151999999999
GLOBAL,PWRSPVNLDXX01,2033,624.9151999999999
GLOBAL,PWRSPVNLDXX01,2034,624.9151999999999
GLOBAL,PWRSPVNLDXX01,2035,624.9151999999999
GLOBAL,PWRSPVNLDXX01,2036,624.9151999999999
GLOBAL,PWRSPVNLDXX01,2037,624.9151999999999
GLOBAL,PWRSPVNLDXX01,2038,624.9151999999999
GLOBAL,PWRSPVNLDXX01,2039,624.9151999999999
GLOBAL,PWRSPVNLDXX01,2040,624.9151999999999
GLOBAL,PWRSPVNLDXX01,2041,624.9151999999999
GLOBAL,PWRSPVNLDXX01,2042,624.9151999999999
GLOBAL,PWRSPVNLDXX01,2043,624.9151999999999
GLOBAL,PWRSPVNLDXX01,2044,624.9151999999999
GLOBAL,PWRSPVNLDXX01,2045,624.9151999999999
GLOBAL,PWRSPVNLDXX01,2046,624.9151999999999
GLOBAL,PWRSPVNLDXX01,2047,624.9151999999999
GLOBAL,PWRSPVNLDXX01,2048,624.9151999999999
GLOBAL,PWRSPVNLDXX01,2049,624.9151999999999
GLOBAL,PWRSPVNLDXX01,2050,624.9151999999999
GLOBAL,PWRSPVPRTXX01,2021,3423.6509
GLOBAL,PWRSPVPRTXX01,2022,3423.6509
GLOBAL,PWRSPVPRTXX01,2023,3423.6509
GLOBAL,PWRSPVPRTXX01,2024,3423.6509
GLOBAL,PWRSPVPRTXX01,2025,3423.6509
GLOBAL,PWRSPVPRTXX01,2026,3423.6509
GLOBAL,PWRSPVPRTXX01,2027,3423.6509
GLOBAL,PWRSPVPRTXX01,2028,3423.6509
GLOBAL,PWRSPVPRTXX01,2029,3423.6509
GLOBAL,PWRSPVPRTXX01,2030,3423.6509
GLOBAL,PWRSPVPRTXX01,2031,3423.6509
GLOBAL,PWRSPVPRTXX01,2032,3423.6509
GLOBAL,PWRSPVPRTXX01,2033,3423.6509
GLOBAL,PWRSPVPRTXX01,2034,3423.6509
GLOBAL,PWRSPVPRTXX01,2035,3423.6509
GLOBAL,PWRSPVPRTXX01,2036,3423.6509
GLOBAL,PWRSPVPRTXX01,2037,3423.6509
GLOBAL,PWRSPVPRTXX01,2038,3423.6509
GLOBAL,PWRSPVPRTXX01,2039,3423.6509
GLOBAL,PWRSPVPRTXX01,2040,3423.6509
GLOBAL,PWRSPVPRTXX01,2041,3423.6509
GLOBAL,PWRSPVPRTXX01,2042,3423.6509
GLOBAL,PWRSPVPRTXX01,2043,3423.6509
GLOBAL,PWRSPVPRTXX01,2044,3423.6509
GLOBAL,PWRSPVPRTXX01,2045,3423.6509
GLOBAL,PWRSPVPRTXX01,2046,3423.6509
GLOBAL,PWRSPVPRTXX01,2047,3423.6509
GLOBAL,PWRSPVPRTXX01,2048,3423.6509
GLOBAL,PWRSPVPRTXX01,2049,3423.6509
GLOBAL,PWRSPVPRTXX01,2050,3423.6509
GLOBAL,PWRWOFAUTXX01,2021,0.0002
GLOBAL,PWRWOFAUTXX01,2022,0.0002
GLOBAL,PWRWOFAUTXX01,2023,0.0002
GLOBAL,PWRWOFAUTXX01,2024,0.0002
GLOBAL,PWRWOFAUTXX01,2025,0.0002
GLOBAL,PWRWOFAUTXX01,2026,0.0002
GLOBAL,PWRWOFAUTXX01,2027,0.0002
GLOBAL,PWRWOFAUTXX01,2028,0.0002
GLOBAL,PWRWOFAUTXX01,2029,0.0002
GLOBAL,PWRWOFAUTXX01,2030,0.0002
GLOBAL,PWRWOFAUTXX01,2031,0.0002
GLOBAL,PWRWOFAUTXX01,2032,0.0002
GLOBAL,PWRWOFAUTXX01,2033,0.0002
GLOBAL,PWRWOFAUTXX01,2034,0.0002
GLOBAL,PWRWOFAUTXX01,2035,0.0002
GLOBAL,PWRWOFAUTXX01,2036,0.0002
GLOBAL,PWRWOFAUTXX01,2037,0.0002
GLOBAL,PWRWOFAUTXX01,2038,0.0002
GLOBAL,PWRWOFAUTXX01,2039,0.0002
GLOBAL,PWRWOFAUTXX01,2040,0.0002
GLOBAL,PWRWOFAUTXX01,2041,0.0002
GLOBAL,PWRWOFAUTXX01,2042,0.0002
GLOBAL,PWRWOFAUTXX01,2043,0.0002
GLOBAL,PWRWOFAUTXX01,2044,0.0002
GLOBAL,PWRWOFAUTXX01,2045,0.0002
GLOBAL,PWRWOFAUTXX01,2046,0.0002
GLOBAL,PWRWOFAUTXX01,2047,0.0002
GLOBAL,PWRWOFAUTXX01,2048,0.0002
GLOBAL,PWRWOFAUTXX01,2049,0.0002
GLOBAL,PWRWOFAUTXX01,2050,0.0002
GLOBAL,PWRWOFBELXX01,2021,17.0254
GLOBAL,PWRWOFBELXX01,2022,17.0254
GLOBAL,PWRWOFBELXX01,2023,17.0254
GLOBAL,PWRWOFBELXX01,2024,17.0254
GLOBAL,PWRWOFBELXX01,2025,17.0254
GLOBAL,PWRWOFBELXX01,2026,17.0254
GLOBAL,PWRWOFBELXX01,2027,17.0254
GLOBAL,PWRWOFBELXX01,2028,17.0254
GLOBAL,PWRWOFBELXX01,2029,17.0254
GLOBAL,PWRWOFBELXX01,2030,17.0254
GLOBAL,PWRWOFBELXX01,2031,17.0254
GLOBAL,PWRWOFBELXX01,2032,17.0254
GLOBAL,PWRWOFBELXX01,2033,17.0254
GLOBAL,PWRWOFBELXX01,2034,17.0254
GLOBAL,PWRWOFBELXX01,2035,17.0254
GLOBAL,PWRWOFBELXX01,2036,17.0254
GLOBAL,PWRWOFBELXX01,2037,17.0254
GLOBAL,PWRWOFBELXX01,2038,17.0254
GLOBAL,PWRWOFBELXX01,2039,17.0254
GLOBAL,PWRWOFBELXX01,2040,17.0254
GLOBAL,PWRWOFBELXX01,2041,17.0254
GLOBAL,PWRWOFBELXX01,2042,17.0254
GLOBAL,PWRWOFBELXX01,2043,17.0254
GLOBAL,PWRWOFBELXX01,2044,17.0254
GLOBAL,PWRWOFBELXX01,2045,17.0254
GLOBAL,PWRWOFBELXX01,2046,17.0254
GLOBAL,PWRWOFBELXX01,2047,17.0254
GLOBAL,PWRWOFBELXX01,2048,17.0254
GLOBAL,PWRWOFBELXX01,2049,17.0254
GLOBAL,PWRWOFBELXX01,2050,17.0254
GLOBAL,PWRWOFCHEXX01,2021,0.0002
GLOBAL,PWRWOFCHEXX01,2022,0.0002
GLOBAL,PWRWOFCHEXX01,2023,0.0002
GLOBAL,PWRWOFCHEXX01,2024,0.0002
GLOBAL,PWRWOFCHEXX01,2025,0.0002
GLOBAL,PWRWOFCHEXX01,2026,0.0002
GLOBAL,PWRWOFCHEXX01,2027,0.0002
GLOBAL,PWRWOFCHEXX01,2028,0.0002
GLOBAL,PWRWOFCHEXX01,2029,0.0002
GLOBAL,PWRWOFCHEXX01,2030,0.0002
GLOBAL,PWRWOFCHEXX01,2031,0.0002
GLOBAL,PWRWOFCHEXX01,2032,0.0002
GLOBAL,PWRWOFCHEXX01,2033,0.0002
GLOBAL,PWRWOFCHEXX01,2034,0.0002
GLOBAL,PWRWOFCHEXX01,2035,0.0002
GLOBAL,PWRWOFCHEXX01,2036,0.0002
GLOBAL,PWRWOFCHEXX01,2037,0.0002
GLOBAL,PWRWOFCHEXX01,2038,0.0002
GLOBAL,PWRWOFCHEXX01,2039,0.0002
GLOBAL,PWRWOFCHEXX01,2040,0.0002
GLOBAL,PWRWOFCHEXX01,2041,0.0002
GLOBAL,PWRWOFCHEXX01,2042,0.0002
GLOBAL,PWRWOFCHEXX01,2043,0.0002
GLOBAL,PWRWOFCHEXX01,2044,0.0002
GLOBAL,PWRWOFCHEXX01,2045,0.0002
GLOBAL,PWRWOFCHEXX01,2046,0.0002
GLOBAL,PWRWOFCHEXX01,2047,0.0002
GLOBAL,PWRWOFCHEXX01,2048,0.0002
GLOBAL,PWRWOFCHEXX01,2049,0.0002
GLOBAL,PWRWOFCHEXX01,2050,0.0002
GLOBAL,PWRWOFDEUXX01,2021,99.3698
GLOBAL,PWRWOFDEUXX01,2022,99.3698
GLOBAL,PWRWOFDEUXX01,2023,99.3698
GLOBAL,PWRWOFDEUXX01,2024,99.3698
GLOBAL,PWRWOFDEUXX01,2025,99.3698
GLOBAL,PWRWOFDEUXX01,2026,99.3698
GLOBAL,PWRWOFDEUXX01,2027,99.3698
GLOBAL,PWRWOFDEUXX01,2028,99.3698
GLOBAL,PWRWOFDEUXX01,2029,99.3698
GLOBAL,PWRWOFDEUXX01,2030,99.3698
GLOBAL,PWRWOFDEUXX01,2031,99.3698
GLOBAL,PWRWOFDEUXX01,2032,99.3698
GLOBAL,PWRWOFDEUXX01,2033,99.3698
GLOBAL,PWRWOFDEUXX01,2034,99.3698
GLOBAL,PWRWOFDEUXX01,2035,99.3698
GLOBAL,PWRWOFDEUXX01,2036,99.3698
GLOBAL,PWRWOFDEUXX01,2037,99.3698
GLOBAL,PWRWOFDEUXX01,2038,99.3698
GLOBAL,PWRWOFDEUXX01,2039,99.3698
GLOBAL,PWRWOFDEUXX01,2040,99.3698
GLOBAL,PWRWOFDEUXX01,2041,99.3698
GLOBAL,PWRWOFDEUXX01,2042,99.3698
GLOBAL,PWRWOFDEUXX01,2043,99.3698
GLOBAL,PWRWOFDEUXX01,2044,99.3698
GLOBAL,PWRWOFDEUXX01,2045,99.3698
GLOBAL,PWRWOFDEUXX01,2046,99.3698
GLOBAL,PWRWOFDEUXX01,2047,99.3698
GLOBAL,PWRWOFDEUXX01,2048,99.3698
GLOBAL,PWRWOFDEUXX01,2049,99.3698
GLOBAL,PWRWOFDEUXX01,2050,99.3698
GLOBAL,PWRWOFESPXX01,2021,269.9002
GLOBAL,PWRWOFESPXX01,2022,269.9002
GLOBAL,PWRWOFESPXX01,2023,269.9002
GLOBAL,PWRWOFESPXX01,2024,269.9002
GLOBAL,PWRWOFESPXX01,2025,269.9002
GLOBAL,PWRWOFESPXX01,2026,269.9002
GLOBAL,PWRWOFESPXX01,2027,269.9002
GLOBAL,PWRWOFESPXX01,2028,269.9002
GLOBAL,PWRWOFESPXX01,2029,269.9002
GLOBAL,PWRWOFESPXX01,2030,269.9002
GLOBAL,PWRWOFESPXX01,2031,269.9002
GLOBAL,PWRWOFESPXX01,2032,269.9002
GLOBAL,PWRWOFESPXX01,2033,269.9002
GLOBAL,PWRWOFESPXX01,2034,269.9002
GLOBAL,PWRWOFESPXX01,2035,269.9002
GLOBAL,PWRWOFESPXX01,2036,269.9002
GLOBAL,PWRWOFESPXX01,2037,269.9002
GLOBAL,PWRWOFESPXX01,2038,269.9002
GLOBAL,PWRWOFESPXX01,2039,269.9002
GLOBAL,PWRWOFESPXX01,2040,269.9002
GLOBAL,PWRWOFESPXX01,2041,269.9002
GLOBAL,PWRWOFESPXX01,2042,269.9002
GLOBAL,PWRWOFESPXX01,2043,269.9002
GLOBAL,PWRWOFESPXX01,2044,269.9002
GLOBAL,PWRWOFESPXX01,2045,269.9002
GLOBAL,PWRWOFESPXX01,2046,269.9002
GLOBAL,PWRWOFESPXX01,2047,269.9002
GLOBAL,PWRWOFESPXX01,2048,269.9002
GLOBAL,PWRWOFESPXX01,2049,269.9002
GLOBAL,PWRWOFESPXX01,2050,269.9002
GLOBAL,PWRWOFFRAXX01,2021,524.7002
GLOBAL,PWRWOFFRAXX01,2022,524.7002
GLOBAL,PWRWOFFRAXX01,2023,524.7002
GLOBAL,PWRWOFFRAXX01,2024,524.7002
GLOBAL,PWRWOFFRAXX01,2025,524.7002
GLOBAL,PWRWOFFRAXX01,2026,524.7002
GLOBAL,PWRWOFFRAXX01,2027,524.7002
GLOBAL,PWRWOFFRAXX01,2028,524.7002
GLOBAL,PWRWOFFRAXX01,2029,524.7002
GLOBAL,PWRWOFFRAXX01,2030,524.7002
GLOBAL,PWRWOFFRAXX01,2031,524.7002
GLOBAL,PWRWOFFRAXX01,2032,524.7002
GLOBAL,PWRWOFFRAXX01,2033,524.7002
GLOBAL,PWRWOFFRAXX01,2034,524.7002
GLOBAL,PWRWOFFRAXX01,2035,524.7002
GLOBAL,PWRWOFFRAXX01,2036,524.7002
GLOBAL,PWRWOFFRAXX01,2037,524.7002
GLOBAL,PWRWOFFRAXX01,2038,524.7002
GLOBAL,PWRWOFFRAXX01,2039,524.7002
GLOBAL,PWRWOFFRAXX01,2040,524.7002
GLOBAL,PWRWOFFRAXX01,2041,524.7002
GLOBAL,PWRWOFFRAXX01,2042,524.7002
GLOBAL,PWRWOFFRAXX01,2043,524.7002
GLOBAL,PWRWOFFRAXX01,2044,524.7002
GLOBAL,PWRWOFFRAXX01,2045,524.7002
GLOBAL,PWRWOFFRAXX01,2046,524.7002
GLOBAL,PWRWOFFRAXX01,2047,524.7002
GLOBAL,PWRWOFFRAXX01,2048,524.7002
GLOBAL,PWRWOFFRAXX01,2049,524.7002
GLOBAL,PWRWOFFRAXX01,2050,524.7002
GLOBAL,PWRWOFITAXX01,2021,195.2002
GLOBAL,PWRWOFITAXX01,2022,195.2002
GLOBAL,PWRWOFITAXX01,2023,195.2002
GLOBAL,PWRWOFITAXX01,2024,195.2002
GLOBAL,PWRWOFITAXX01,2025,195.2002
GLOBAL,PWRWOFITAXX01,2026,195.2002
GLOBAL,PWRWOFITAXX01,2027,195.2002
GLOBAL,PWRWOFITAXX01,2028,195.2002
GLOBAL,PWRWOFITAXX01,2029,195.2002
GLOBAL,PWRWOFITAXX01,2030,195.2002
GLOBAL,PWRWOFITAXX01,2031,195.2002
GLOBAL,PWRWOFITAXX01,2032,195.2002
GLOBAL,PWRWOFITAXX01,2033,195.2002
GLOBAL,PWRWOFITAXX01,2034,195.2002
GLOBAL,PWRWOFITAXX01,2035,195.2002
GLOBAL,PWRWOFITAXX01,2036,195.2002
GLOBAL,PWRWOFITAXX01,2037,195.2002
GLOBAL,PWRWOFITAXX01,2038,195.2002
GLOBAL,PWRWOFITAXX01,2039,195.2002
GLOBAL,PWRWOFITAXX01,2040,195.2002
GLOBAL,PWRWOFITAXX01,2041,195.2002
GLOBAL,PWRWOFITAXX01,2042,195.2002
GLOBAL,PWRWOFITAXX01,2043,195.2002
GLOBAL,PWRWOFITAXX01,2044,195.2002
GLOBAL,PWRWOFITAXX01,2045,195.2002
GLOBAL,PWRWOFITAXX01,2046,195.2002
GLOBAL,PWRWOFITAXX01,2047,195.2002
GLOBAL,PWRWOFITAXX01,2048,195.2002
GLOBAL,PWRWOFITAXX01,2049,195.2002
GLOBAL,PWRWOFITAXX01,2050,195.2002
GLOBAL,PWRWOFLUXXX01,2021,0.0002
GLOBAL,PWRWOFLUXXX01,2022,0.0002
GLOBAL,PWRWOFLUXXX01,2023,0.0002
GLOBAL,PWRWOFLUXXX01,2024,0.0002
GLOBAL,PWRWOFLUXXX01,2025,0.0002
GLOBAL,PWRWOFLUXXX01,2026,0.0002
GLOBAL,PWRWOFLUXXX01,2027,0.0002
GLOBAL,PWRWOFLUXXX01,2028,0.0002
GLOBAL,PWRWOFLUXXX01,2029,0.0002
GLOBAL,PWRWOFLUXXX01,2030,0.0002
GLOBAL,PWRWOFLUXXX01,2031,0.0002
GLOBAL,PWRWOFLUXXX01,2032,0.0002
GLOBAL,PWRWOFLUXXX01,2033,0.0002
GLOBAL,PWRWOFLUXXX01,2034,0.0002
GLOBAL,PWRWOFLUXXX01,2035,0.0002
GLOBAL,PWRWOFLUXXX01,2036,0.0002
GLOBAL,PWRWOFLUXXX01,2037,0.0002
GLOBAL,PWRWOFLUXXX01,2038,0.0002
GLOBAL,PWRWOFLUXXX01,2039,0.0002
GLOBAL,PWRWOFLUXXX01,2040,0.0002
GLOBAL,PWRWOFLUXXX01,2041,0.0002
GLOBAL,PWRWOFLUXXX01,2042,0.0002
GLOBAL,PWRWOFLUXXX01,2043,0.0002
GLOBAL,PWRWOFLUXXX01,2044,0.0002
GLOBAL,PWRWOFLUXXX01,2045,0.0002
GLOBAL,PWRWOFLUXXX01,2046,0.0002
GLOBAL,PWRWOFLUXXX01,2047,0.0002
GLOBAL,PWRWOFLUXXX01,2048,0.0002
GLOBAL,PWRWOFLUXXX01,2049,0.0002
GLOBAL,PWRWOFLUXXX01,2050,0.0002
GLOBAL,PWRWOFNLDXX01,2021,163.202
GLOBAL,PWRWOFNLDXX01,2022,163.202
GLOBAL,PWRWOFNLDXX01,2023,163.202
GLOBAL,PWRWOFNLDXX01,2024,163.202
GLOBAL,PWRWOFNLDXX01,2025,163.202
GLOBAL,PWRWOFNLDXX01,2026,163.202
GLOBAL,PWRWOFNLDXX01,2027,163.202
GLOBAL,PWRWOFNLDXX01,2028,163.202
GLOBAL,PWRWOFNLDXX01,2029,163.202
GLOBAL,PWRWOFNLDXX01,2030,163.202
GLOBAL,PWRWOFNLDXX01,2031,163.202
GLOBAL,PWRWOFNLDXX01,2032,163.202
GLOBAL,PWRWOFNLDXX01,2033,163.202
GLOBAL,PWRWOFNLDXX01,2034,163.202
GLOBAL,PWRWOFNLDXX01,2035,163.202
GLOBAL,PWRWOFNLDXX01,2036,163.202
GLOBAL,PWRWOFNLDXX01,2037,163.202
GLOBAL,PWRWOFNLDXX01,2038,163.202
GLOBAL,PWRWOFNLDXX01,2039,163.202
GLOBAL,PWRWOFNLDXX01,2040,163.202
GLOBAL,PWRWOFNLDXX01,2041,163.202
GLOBAL,PWRWOFNLDXX01,2042,163.202
GLOBAL,PWRWOFNLDXX01,2043,163.202
GLOBAL,PWRWOFNLDXX01,2044,163.202
GLOBAL,PWRWOFNLDXX01,2045,163.202
GLOBAL,PWRWOFNLDXX01,2046,163.202
GLOBAL,PWRWOFNLDXX01,2047,163.202
GLOBAL,PWRWOFNLDXX01,2048,163.202
GLOBAL,PWRWOFNLDXX01,2049,163.202
GLOBAL,PWRWOFNLDXX01,2050,163.202
GLOBAL,PWRWOFPRTXX01,2021,166.5002
GLOBAL,PWRWOFPRTXX01,2022,166.5002
GLOBAL,PWRWOFPRTXX01,2023,166.5002
GLOBAL,PWRWOFPRTXX01,2024,166.5002
GLOBAL,PWRWOFPRTXX01,2025,166.5002
GLOBAL,PWRWOFPRTXX01,2026,166.5002
GLOBAL,PWRWOFPRTXX01,2027,166.5002
GLOBAL,PWRWOFPRTXX01,2028,166.5002
GLOBAL,PWRWOFPRTXX01,2029,166.5002
GLOBAL,PWRWOFPRTXX01,2030,166.5002
GLOBAL,PWRWOFPRTXX01,2031,166.5002
GLOBAL,PWRWOFPRTXX01,2032,166.5002
GLOBAL,PWRWOFPRTXX01,2033,166.5002
GLOBAL,PWRWOFPRTXX01,2034,166.5002
GLOBAL,PWRWOFPRTXX01,2035,166.5002
GLOBAL,PWRWOFPRTXX01,2036,166.5002
GLOBAL,PWRWOFPRTXX01,2037,166.5002
GLOBAL,PWRWOFPRTXX01,2038,166.5002
GLOBAL,PWRWOFPRTXX01,2039,166.5002
GLOBAL,PWRWOFPRTXX01,2040,166.5002
GLOBAL,PWRWOFPRTXX01,2041,166.5002
GLOBAL,PWRWOFPRTXX01,2042,166.5002
GLOBAL,PWRWOFPRTXX01,2043,166.5002
GLOBAL,PWRWOFPRTXX01,2044,166.5002
GLOBAL,PWRWOFPRTXX01,2045,166.5002
GLOBAL,PWRWOFPRTXX01,2046,166.5002
GLOBAL,PWRWOFPRTXX01,2047,166.5002
GLOBAL,PWRWOFPRTXX01,2048,166.5002
GLOBAL,PWRWOFPRTXX01,2049,166.5002
GLOBAL,PWRWOFPRTXX01,2050,166.5002
GLOBAL,PWRWONAUTXX01,2021,165.0892
GLOBAL,PWRWONAUTXX01,2022,165.0892
GLOBAL,PWRWONAUTXX01,2023,165.0892
GLOBAL,PWRWONAUTXX01,2024,165.0892
GLOBAL,PWRWONAUTXX01,2025,165.0892
GLOBAL,PWRWONAUTXX01,2026,165.0892
GLOBAL,PWRWONAUTXX01,2027,165.0892
GLOBAL,PWRWONAUTXX01,2028,165.0892
GLOBAL,PWRWONAUTXX01,2029,165.0892
GLOBAL,PWRWONAUTXX01,2030,165.0892
GLOBAL,PWRWONAUTXX01,2031,165.0892
GLOBAL,PWRWONAUTXX01,2032,165.0892
GLOBAL,PWRWONAUTXX01,2033,165.0892
GLOBAL,PWRWONAUTXX01,2034,165.0892
GLOBAL,PWRWONAUTXX01,2035,165.0892
GLOBAL,PWRWONAUTXX01,2036,165.0892
GLOBAL,PWRWONAUTXX01,2037,165.0892
GLOBAL,PWRWONAUTXX01,2038,165.0892
GLOBAL,PWRWONAUTXX01,2039,165.0892
GLOBAL,PWRWONAUTXX01,2040,165.0892
GLOBAL,PWRWONAUTXX01,2041,165.0892
GLOBAL,PWRWONAUTXX01,2042,165.0892
GLOBAL,PWRWONAUTXX01,2043,165.0892
GLOBAL,PWRWONAUTXX01,2044,165.0892
GLOBAL,PWRWONAUTXX01,2045,165.0892
GLOBAL,PWRWONAUTXX01,2046,165.0892
GLOBAL,PWRWONAUTXX01,2047,165.0892
GLOBAL,PWRWONAUTXX01,2048,165.0892
GLOBAL,PWRWONAUTXX01,2049,165.0892
GLOBAL,PWRWONAUTXX01,2050,165.0892
GLOBAL,PWRWONBELXX01,2021,73.06490000000001
GLOBAL,PWRWONBELXX01,2022,73.06490000000001
GLOBAL,PWRWONBELXX01,2023,73.06490000000001
GLOBAL,PWRWONBELXX01,2024,73.06490000000001
GLOBAL,PWRWONBELXX01,2025,73.06490000000001
GLOBAL,PWRWONBELXX01,2026,73.06490000000001
GLOBAL,PWRWONBELXX01,2027,73.06490000000001
GLOBAL,PWRWONBELXX01,2028,73.06490000000001
GLOBAL,PWRWONBELXX01,2029,73.06490000000001
GLOBAL,PWRWONBELXX01,2030,73.06490000000001
GLOBAL,PWRWONBELXX01,2031,73.06490000000001
GLOBAL,PWRWONBELXX01,2032,73.06490000000001
GLOBAL,PWRWONBELXX01,2033,73.06490000000001
GLOBAL,PWRWONBELXX01,2034,73.06490000000001
GLOBAL,PWRWONBELXX01,2035,73.06490000000001
GLOBAL,PWRWONBELXX01,2036,73.06490000000001
GLOBAL,PWRWONBELXX01,2037,73.06490000000001
GLOBAL,PWRWONBELXX01,2038,73.06490000000001
GLOBAL,PWRWONBELXX01,2039,73.06490000000001
GLOBAL,PWRWONBELXX01,2040,73.06490000000001
GLOBAL,PWRWONBELXX01,2041,73.06490000000001
GLOBAL,PWRWONBELXX01,2042,73.06490000000001
GLOBAL,PWRWONBELXX01,2043,73.06490000000001
GLOBAL,PWRWONBELXX01,2044,73.06490000000001
GLOBAL,PWRWONBELXX01,2045,73.06490000000001
GLOBAL,PWRWONBELXX01,2046,73.06490000000001
GLOBAL,PWRWONBELXX01,2047,73.06490000000001
GLOBAL,PWRWONBELXX01,2048,73.06490000000001
GLOBAL,PWRWONBELXX01,2049,73.06490000000001
GLOBAL,PWRWONBELXX01,2050,73.06490000000001
GLOBAL,PWRWONCHEXX01,2021,60.4602
GLOBAL,PWRWONCHEXX01,2022,60.4602
GLOBAL,PWRWONCHEXX01,2023,60.4602
GLOBAL,PWRWONCHEXX01,2024,60.4602
GLOBAL,PWRWONCHEXX01,2025,60.4602
GLOBAL,PWRWONCHEXX01,2026,60.4602
GLOBAL,PWRWONCHEXX01,2027,60.4602
GLOBAL,PWRWONCHEXX01,2028,60.4602
GLOBAL,PWRWONCHEXX01,2029,60.4602
GLOBAL,PWRWONCHEXX01,2030,60.4602
GLOBAL,PWRWONCHEXX01,2031,60.4602
GLOBAL,PWRWONCHEXX01,2032,60.4602
GLOBAL,PWRWONCHEXX01,2033,60.4602
GLOBAL,PWRWONCHEXX01,2034,60.4602
GLOBAL,PWRWONCHEXX01,2035,60.4602
GLOBAL,PWRWONCHEXX01,2036,60.4602
GLOBAL,PWRWONCHEXX01,2037,60.4602
GLOBAL,PWRWONCHEXX01,2038,60.4602
GLOBAL,PWRWONCHEXX01,2039,60.4602
GLOBAL,PWRWONCHEXX01,2040,60.4602
GLOBAL,PWRWONCHEXX01,2041,60.4602
GLOBAL,PWRWONCHEXX01,2042,60.4602
GLOBAL,PWRWONCHEXX01,2043,60.4602
GLOBAL,PWRWONCHEXX01,2044,60.4602
GLOBAL,PWRWONCHEXX01,2045,60.4602
GLOBAL,PWRWONCHEXX01,2046,60.4602
GLOBAL,PWRWONCHEXX01,2047,60.4602
GLOBAL,PWRWONCHEXX01,2048,60.4602
GLOBAL,PWRWONCHEXX01,2049,60.4602
GLOBAL,PWRWONCHEXX01,2050,60.4602
GLOBAL,PWRWONDEUXX01,2021,611.2767
GLOBAL,PWRWONDEUXX01,2022,611.2767
GLOBAL,PWRWONDEUXX01,2023,611.2767
GLOBAL,PWRWONDEUXX01,2024,611.2767
GLOBAL,PWRWONDEUXX01,2025,611.2767
GLOBAL,PWRWONDEUXX01,2026,611.2767
GLOBAL,PWRWONDEUXX01,2027,611.2767
GLOBAL,PWRWONDEUXX01,2028,611.2767
GLOBAL,PWRWONDEUXX01,2029,611.2767
GLOBAL,PWRWONDEUXX01,2030,611.2767
GLOBAL,PWRWONDEUXX01,2031,611.2767
GLOBAL,PWRWONDEUXX01,2032,611.2767
GLOBAL,PWRWONDEUXX01,2033,611.2767
GLOBAL,PWRWONDEUXX01,2034,611.2767
GLOBAL,PWRWONDEUXX01,2035,611.2767
GLOBAL,PWRWONDEUXX01,2036,611.2767
GLOBAL,PWRWONDEUXX01,2037,611.2767
GLOBAL,PWRWONDEUXX01,2038,611.2767
GLOBAL,PWRWONDEUXX01,2039,611.2767
GLOBAL,PWRWONDEUXX01,2040,611.2767
GLOBAL,PWRWONDEUXX01,2041,611.2767
GLOBAL,PWRWONDEUXX01,2042,611.2767
GLOBAL,PWRWONDEUXX01,2043,611.2767
GLOBAL,PWRWONDEUXX01,2044,611.2767
GLOBAL,PWRWONDEUXX01,2045,611.2767
GLOBAL,PWRWONDEUXX01,2046,611.2767
GLOBAL,PWRWONDEUXX01,2047,611.2767
GLOBAL,PWRWONDEUXX01,2048,611.2767
GLOBAL,PWRWONDEUXX01,2049,611.2767
GLOBAL,PWRWONDEUXX01,2050,611.2767
GLOBAL,PWRWONESPXX01,2021,1413.5678
GLOBAL,PWRWONESPXX01,2022,1413.5678
GLOBAL,PWRWONESPXX01,2023,1413.5678
GLOBAL,PWRWONESPXX01,2024,1413.5678
GLOBAL,PWRWONESPXX01,2025,1413.5678
GLOBAL,PWRWONESPXX01,2026,1413.5678
GLOBAL,PWRWONESPXX01,2027,1413.5678
GLOBAL,PWRWONESPXX01,2028,1413.5678
GLOBAL,PWRWONESPXX01,2029,1413.5678
GLOBAL,PWRWONESPXX01,2030,1413.5678
GLOBAL,PWRWONESPXX01,2031,1413.5678
GLOBAL,PWRWONESPXX01,2032,1413.5678
GLOBAL,PWRWONESPXX01,2033,1413.5678
GLOBAL,PWRWONESPXX01,2034,1413.5678
GLOBAL,PWRWONESPXX01,2035,1413.5678
GLOBAL,PWRWONESPXX01,2036,1413.5678
GLOBAL,PWRWONESPXX01,2037,1413.5678
GLOBAL,PWRWONESPXX01,2038,1413.5678
GLOBAL,PWRWONESPXX01,2039,1413.5678
GLOBAL,PWRWONESPXX01,2040,1413.5678
GLOBAL,PWRWONESPXX01,2041,1413.5678
GLOBAL,PWRWONESPXX01,2042,1413.5678
GLOBAL,PWRWONESPXX01,2043,1413.5678
GLOBAL,PWRWONESPXX01,2044,1413.5678
GLOBAL,PWRWONESPXX01,2045,1413.5678
GLOBAL,PWRWONESPXX01,2046,1413.5678
GLOBAL,PWRWONESPXX01,2047,1413.5678
GLOBAL,PWRWONESPXX01,2048,1413.5678
GLOBAL,PWRWONESPXX01,2049,1413.5678
GLOBAL,PWRWONESPXX01,2050,1413.5678
GLOBAL,PWRWONFRAXX01,2021,1418.3246
GLOBAL,PWRWONFRAXX01,2022,1418.3246
GLOBAL,PWRWONFRAXX01,2023,1418.3246
GLOBAL,PWRWONFRAXX01,2024,1418.3246
GLOBAL,PWRWONFRAXX01,2025,1418.3246
GLOBAL,PWRWONFRAXX01,2026,1418.3246
GLOBAL,PWRWONFRAXX01,2027,1418.3246
GLOBAL,PWRWONFRAXX01,2028,1418.3246
GLOBAL,PWRWONFRAXX01,2029,1418.3246
GLOBAL,PWRWONFRAXX01,2030,1418.3246
GLOBAL,PWRWONFRAXX01,2031,1418.3246
GLOBAL,PWRWONFRAXX01,2032,1418.3246
GLOBAL,PWRWONFRAXX01,2033,1418.3246
GLOBAL,PWRWONFRAXX01,2034,1418.3246
GLOBAL,PWRWONFRAXX01,2035,1418.3246
GLOBAL,PWRWONFRAXX01,2036,1418.3246
GLOBAL,PWRWONFRAXX01,2037,1418.3246
GLOBAL,PWRWONFRAXX01,2038,1418.3246
GLOBAL,PWRWONFRAXX01,2039,1418.3246
GLOBAL,PWRWONFRAXX01,2040,1418.3246
GLOBAL,PWRWONFRAXX01,2041,1418.3246
GLOBAL,PWRWONFRAXX01,2042,1418.3246
GLOBAL,PWRWONFRAXX01,2043,1418.3246
GLOBAL,PWRWONFRAXX01,2044,1418.3246
GLOBAL,PWRWONFRAXX01,2045,1418.3246
GLOBAL,PWRWONFRAXX01,2046,1418.3246
GLOBAL,PWRWONFRAXX01,2047,1418.3246
GLOBAL,PWRWONFRAXX01,2048,1418.3246
GLOBAL,PWRWONFRAXX01,2049,1418.3246
GLOBAL,PWRWONFRAXX01,2050,1418.3246
GLOBAL,PWRWONITAXX01,2021,710.137
GLOBAL,PWRWONITAXX01,2022,710.137
GLOBAL,PWRWONITAXX01,2023,710.137
GLOBAL,PWRWONITAXX01,2024,710.137
GLOBAL,PWRWONITAXX01,2025,710.137
GLOBAL,PWRWONITAXX01,2026,710.137
GLOBAL,PWRWONITAXX01,2027,710.137
GLOBAL,PWRWONITAXX01,2028,710.137
GLOBAL,PWRWONITAXX01,2029,710.137
GLOBAL,PWRWONITAXX01,2030,710.137
GLOBAL,PWRWONITAXX01,2031,710.137
GLOBAL,PWRWONITAXX01,2032,710.137
GLOBAL,PWRWONITAXX01,2033,710.137
GLOBAL,PWRWONITAXX01,2034,710.137
GLOBAL,PWRWONITAXX01,2035,710.137
GLOBAL,PWRWONITAXX01,2036,710.137
GLOBAL,PWRWONITAXX01,2037,710.137
GLOBAL,PWRWONITAXX01,2038,710.137
GLOBAL,PWRWONITAXX01,2039,710.137
GLOBAL,PWRWONITAXX01,2040,710.137
GLOBAL,PWRWONITAXX01,2041,710.137
GLOBAL,PWRWONITAXX01,2042,710.137
GLOBAL,PWRWONITAXX01,2043,710.137
GLOBAL,PWRWONITAXX01,2044,710.137
GLOBAL,PWRWONITAXX01,2045,710.137
GLOBAL,PWRWONITAXX01,2046,710.137
GLOBAL,PWRWONITAXX01,2047,710.137
GLOBAL,PWRWONITAXX01,2048,710.137
GLOBAL,PWRWONITAXX01,2049,710.137
GLOBAL,PWRWONITAXX01,2050,710.137
GLOBAL,PWRWONLUXXX01,2021,6.5642000000000005
GLOBAL,PWRWONLUXXX01,2022,6.5642000000000005
GLOBAL,PWRWONLUXXX01,2023,6.5642000000000005
GLOBAL,PWRWONLUXXX01,2024,6.5642000000000005
GLOBAL,PWRWONLUXXX01,2025,6.5642000000000005
GLOBAL,PWRWONLUXXX01,2026,6.5642000000000005
GLOBAL,PWRWONLUXXX01,2027,6.5642000000000005
GLOBAL,PWRWONLUXXX01,2028,6.5642000000000005
GLOBAL,PWRWONLUXXX01,2029,6.5642000000000005
GLOBAL,PWRWONLUXXX01,2030,6.5642000000000005
GLOBAL,PWRWONLUXXX01,2031,6.5642000000000005
GLOBAL,PWRWONLUXXX01,2032,6.5642000000000005
GLOBAL,PWRWONLUXXX01,2033,6.5642000000000005
GLOBAL,PWRWONLUXXX01,2034,6.5642000000000005
GLOBAL,PWRWONLUXXX01,2035,6.5642000000000005
GLOBAL,PWRWONLUXXX01,2036,6.5642000000000005
GLOBAL,PWRWONLUXXX01,2037,6.5642000000000005
GLOBAL,PWRWONLUXXX01,2038,6.5642000000000005
GLOBAL,PWRWONLUXXX01,2039,6.5642000000000005
GLOBAL,PWRWONLUXXX01,2040,6.5642000000000005
GLOBAL,PWRWONLUXXX01,2041,6.5642000000000005
GLOBAL,PWRWONLUXXX01,2042,6.5642000000000005
GLOBAL,PWRWONLUXXX01,2043,6.5642000000000005
GLOBAL,PWRWONLUXXX01,2044,6.5642000000000005
GLOBAL,PWRWONLUXXX01,2045,6.5642000000000005
GLOBAL,PWRWONLUXXX01,2046,6.5642000000000005
GLOBAL,PWRWONLUXXX01,2047,6.5642000000000005
GLOBAL,PWRWONLUXXX01,2048,6.5642000000000005
GLOBAL,PWRWONLUXXX01,2049,6.5642000000000005
GLOBAL,PWRWONLUXXX01,2050,6.5642000000000005
GLOBAL,PWRWONNLDXX01,2021,82.1093
GLOBAL,PWRWONNLDXX01,2022,82.1093
GLOBAL,PWRWONNLDXX01,2023,82.1093
GLOBAL,PWRWONNLDXX01,2024,82.1093
GLOBAL,PWRWONNLDXX01,2025,82.1093
GLOBAL,PWRWONNLDXX01,2026,82.1093
GLOBAL,PWRWONNLDXX01,2027,82.1093
GLOBAL,PWRWONNLDXX01,2028,82.1093
GLOBAL,PWRWONNLDXX01,2029,82.1093
GLOBAL,PWRWONNLDXX01,2030,82.1093
GLOBAL,PWRWONNLDXX01,2031,82.1093
GLOBAL,PWRWONNLDXX01,2032,82.1093
GLOBAL,PWRWONNLDXX01,2033,82.1093
GLOBAL,PWRWONNLDXX01,2034,82.1093
GLOBAL,PWRWONNLDXX01,2035,82.1093
GLOBAL,PWRWONNLDXX01,2036,82.1093
GLOBAL,PWRWONNLDXX01,2037,82.1093
GLOBAL,PWRWONNLDXX01,2038,82.1093
GLOBAL,PWRWONNLDXX01,2039,82.1093
GLOBAL,PWRWONNLDXX01,2040,82.1093
GLOBAL,PWRWONNLDXX01,2041,82.1093
GLOBAL,PWRWONNLDXX01,2042,82.1093
GLOBAL,PWRWONNLDXX01,2043,82.1093
GLOBAL,PWRWONNLDXX01,2044,82.1093
GLOBAL,PWRWONNLDXX01,2045,82.1093
GLOBAL,PWRWONNLDXX01,2046,82.1093
GLOBAL,PWRWONNLDXX01,2047,82.1093
GLOBAL,PWRWONNLDXX01,2048,82.1093
GLOBAL,PWRWONNLDXX01,2049,82.1093
GLOBAL,PWRWONNLDXX01,2050,82.1093
GLOBAL,PWRWONPRTXX01,2021,225.7482
GLOBAL,PWRWONPRTXX01,2022,225.7482
GLOBAL,PWRWONPRTXX01,2023,225.7482
GLOBAL,PWRWONPRTXX01,2024,225.7482
GLOBAL,PWRWONPRTXX01,2025,225.7482
GLOBAL,PWRWONPRTXX01,2026,225.7482
GLOBAL,PWRWONPRTXX01,2027,225.7482
GLOBAL,PWRWONPRTXX01,2028,225.7482
GLOBAL,PWRWONPRTXX01,2029,225.7482
GLOBAL,PWRWONPRTXX01,2030,225.7482
GLOBAL,PWRWONPRTXX01,2031,225.7482
GLOBAL,PWRWONPRTXX01,2032,225.7482
GLOBAL,PWRWONPRTXX01,2033,225.7482
GLOBAL,PWRWONPRTXX01,2034,225.7482
GLOBAL,PWRWONPRTXX01,2035,225.7482
GLOBAL,PWRWONPRTXX01,2036,225.7482
GLOBAL,PWRWONPRTXX01,2037,225.7482
GLOBAL,PWRWONPRTXX01,2038,225.7482
GLOBAL,PWRWONPRTXX01,2039,225.7482
GLOBAL,PWRWONPRTXX01,2040,225.7482
GLOBAL,PWRWONPRTXX01,2041,225.7482
GLOBAL,PWRWONPRTXX01,2042,225.7482
GLOBAL,PWRWONPRTXX01,2043,225.7482
GLOBAL,PWRWONPRTXX01,2044,225.7482
GLOBAL,PWRWONPRTXX01,2045,225.7482
GLOBAL,PWRWONPRTXX01,2046,225.7482
GLOBAL,PWRWONPRTXX01,2047,225.7482
GLOBAL,PWRWONPRTXX01,2048,225.7482
GLOBAL,PWRWONPRTXX01,2049,225.7482
GLOBAL,PWRWONPRTXX01,2050,225.7482
